ISO-10303-21;
HEADER;
FILE_DESCRIPTION (( 'STEP AP214' ),
    '1' );
FILE_NAME ('BGS12P2L6E6327XTSA1.STEP',
    '2024-10-29T12:25:32',
    ( '' ),
    ( '' ),
    'SwSTEP 2.0',
    'SolidWorks 2016',
    '' );
FILE_SCHEMA (( 'AUTOMOTIVE_DESIGN' ));
ENDSEC;

DATA;
#1 = VERTEX_POINT ( 'NONE', #960 ) ;
#2 = LINE ( 'NONE', #2789, #595 ) ;
#3 = CARTESIAN_POINT ( 'NONE',  ( 0.0000000000000000000, 0.4000000000000000200, 0.0000000000000000000 ) ) ;
#4 = LINE ( 'NONE', #2371, #1950 ) ;
#5 = CARTESIAN_POINT ( 'NONE',  ( -0.3000000000000092600, 0.01999999999999999700, 0.1000000000000000500 ) ) ;
#6 = FACE_OUTER_BOUND ( 'NONE', #2409, .T. ) ;
#7 = CARTESIAN_POINT ( 'NONE',  ( 0.3000000000000040400, 0.01999999999999999700, 0.09999999999999993600 ) ) ;
#8 = EDGE_CURVE ( 'NONE', #1356, #560, #2290, .T. ) ;
#9 = FACE_OUTER_BOUND ( 'NONE', #3129, .T. ) ;
#10 = EDGE_CURVE ( 'NONE', #752, #525, #349, .T. ) ;
#11 = PLANE ( 'NONE',  #2209 ) ;
#12 = FACE_OUTER_BOUND ( 'NONE', #797, .T. ) ;
#13 = DIRECTION ( 'NONE',  ( -1.000000000000000000, 0.0000000000000000000, 0.0000000000000000000 ) ) ;
#14 = VECTOR ( 'NONE', #348, 1000.000000000000000 ) ;
#15 = CARTESIAN_POINT ( 'NONE',  ( -0.1023212946968994200, 0.05500000000000000700, -0.4700000000000001400 ) ) ;
#16 = ORIENTED_EDGE ( 'NONE', *, *, #2525, .F. ) ;
#17 = DIRECTION ( 'NONE',  ( -1.000000000000000000, -0.0000000000000000000, 0.0000000000000000000 ) ) ;
#18 = FILL_AREA_STYLE ('',( #1533 ) ) ;
#19 = FACE_OUTER_BOUND ( 'NONE', #33, .T. ) ;
#20 = EDGE_LOOP ( 'NONE', ( #2060, #2696, #414, #642 ) ) ;
#21 = ORIENTED_EDGE ( 'NONE', *, *, #2072, .F. ) ;
#22 = DIRECTION ( 'NONE',  ( 0.0000000000000000000, 0.0000000000000000000, 1.000000000000000000 ) ) ;
#23 = LINE ( 'NONE', #399, #1974 ) ;
#24 = CARTESIAN_POINT ( 'NONE',  ( 0.3500000000000000300, 0.0000000000000000000, -0.07000000000000007600 ) ) ;
#25 = VERTEX_POINT ( 'NONE', #1003 ) ;
#26 = CARTESIAN_POINT ( 'NONE',  ( -0.3499999999999999200, 0.05499999999999992400, 0.5500000000000000400 ) ) ;
#27 = AXIS2_PLACEMENT_3D ( 'NONE', #834, #847, #856 ) ;
#28 = EDGE_CURVE ( 'NONE', #1226, #828, #2852, .T. ) ;
#29 = COLOUR_RGB ( '',1.000000000000000000, 0.8117647058823529400, 0.5019607843137254800 ) ;
#30 = EDGE_CURVE ( 'NONE', #1345, #1847, #954, .T. ) ;
#31 = LINE ( 'NONE', #187, #2631 ) ;
#32 = ORIENTED_EDGE ( 'NONE', *, *, #92, .T. ) ;
#33 = EDGE_LOOP ( 'NONE', ( #838, #2252, #195, #561 ) ) ;
#34 = SURFACE_STYLE_USAGE ( .BOTH. , #2801 ) ;
#35 = LINE ( 'NONE', #3161, #798 ) ;
#36 = STYLED_ITEM ( 'NONE', ( #2052 ), #2755 ) ;
#37 = LINE ( 'NONE', #2353, #2638 ) ;
#38 = CARTESIAN_POINT ( 'NONE',  ( -0.3000000000000093700, 0.01999999999999999700, -0.09999999999999988100 ) ) ;
#39 = ORIENTED_EDGE ( 'NONE', *, *, #330, .T. ) ;
#40 = DIRECTION ( 'NONE',  ( 1.000000000000000000, 0.0000000000000000000, -0.0000000000000000000 ) ) ;
#41 = DIRECTION ( 'NONE',  ( -0.0000000000000000000, 1.000000000000000000, 0.0000000000000000000 ) ) ;
#42 = LINE ( 'NONE', #1247, #138 ) ;
#43 = PLANE ( 'NONE',  #2361 ) ;
#44 = CARTESIAN_POINT ( 'NONE',  ( 0.3500000000000000300, 0.1020000000000000100, -0.3300000000000001300 ) ) ;
#45 = LINE ( 'NONE', #853, #2721 ) ;
#46 = DIRECTION ( 'NONE',  ( 0.0000000000000000000, 0.0000000000000000000, 1.000000000000000000 ) ) ;
#47 = EDGE_CURVE ( 'NONE', #2782, #2598, #2935, .T. ) ;
#48 = EDGE_CURVE ( 'NONE', #2247, #2144, #879, .T. ) ;
#49 = CARTESIAN_POINT ( 'NONE',  ( -0.1023212946968994200, 0.1019999999999999900, 0.4700000000000000300 ) ) ;
#50 =( NAMED_UNIT ( * ) PLANE_ANGLE_UNIT ( ) SI_UNIT ( $, .RADIAN. ) );
#51 = EDGE_LOOP ( 'NONE', ( #952, #1946, #431, #2318 ) ) ;
#52 = CARTESIAN_POINT ( 'NONE',  ( -0.1023212946968994200, 0.05500000000000000700, 0.4700000000000000300 ) ) ;
#53 = FACE_OUTER_BOUND ( 'NONE', #2446, .T. ) ;
#54 = CARTESIAN_POINT ( 'NONE',  ( 0.0000000000000000000, 0.02000000000000000000, 0.0000000000000000000 ) ) ;
#55 = EDGE_LOOP ( 'NONE', ( #2777, #766, #1662, #1692 ) ) ;
#56 = FACE_BOUND ( 'NONE', #2472, .T. ) ;
#57 = CARTESIAN_POINT ( 'NONE',  ( -0.1023212946968994200, 0.05500000000000000700, 0.06999999999999996500 ) ) ;
#58 =( NAMED_UNIT ( * ) SI_UNIT ( $, .STERADIAN. ) SOLID_ANGLE_UNIT ( ) );
#59 = ORIENTED_EDGE ( 'NONE', *, *, #2648, .F. ) ;
#60 = DIRECTION ( 'NONE',  ( -1.000000000000000000, -0.0000000000000000000, 0.0000000000000000000 ) ) ;
#61 = VERTEX_POINT ( 'NONE', #467 ) ;
#62 = PLANE ( 'NONE',  #1695 ) ;
#63 = VECTOR ( 'NONE', #1100, 1000.000000000000000 ) ;
#64 = PLANE ( 'NONE',  #1256 ) ;
#65 = VECTOR ( 'NONE', #1421, 1000.000000000000000 ) ;
#66 = ORIENTED_EDGE ( 'NONE', *, *, #1651, .T. ) ;
#67 = PLANE ( 'NONE',  #1288 ) ;
#68 = LINE ( 'NONE', #1058, #764 ) ;
#69 = CARTESIAN_POINT ( 'NONE',  ( 0.3000000000000020400, 0.3028427124746300200, -0.3000000000000000400 ) ) ;
#70 = PLANE ( 'NONE',  #199 ) ;
#71 = ORIENTED_EDGE ( 'NONE', *, *, #1968, .T. ) ;
#72 = ORIENTED_EDGE ( 'NONE', *, *, #3118, .F. ) ;
#73 = UNCERTAINTY_MEASURE_WITH_UNIT (LENGTH_MEASURE( 1.000000000000000100E-005 ), #1455, 'distance_accuracy_value', 'NONE');
#74 = CARTESIAN_POINT ( 'NONE',  ( 0.2500000000000000600, 0.05500000000000000700, -0.3300000000000001300 ) ) ;
#75 = VECTOR ( 'NONE', #1042, 1000.000000000000000 ) ;
#76 = DIRECTION ( 'NONE',  ( -1.000000000000000000, -0.0000000000000000000, 5.421010862427521200E-016 ) ) ;
#77 = CARTESIAN_POINT ( 'NONE',  ( 0.2500000000000000600, 0.0000000000000000000, 0.0000000000000000000 ) ) ;
#78 = LINE ( 'NONE', #2312, #1445 ) ;
#79 = FACE_OUTER_BOUND ( 'NONE', #1483, .T. ) ;
#80 = CARTESIAN_POINT ( 'NONE',  ( 0.1023212946968995300, 0.05500000000000000700, -0.3300000000000001300 ) ) ;
#81 = PLANE ( 'NONE',  #1799 ) ;
#82 = VECTOR ( 'NONE', #2957, 1000.000000000000000 ) ;
#83 = DIRECTION ( 'NONE',  ( -1.000000000000000000, 0.0000000000000000000, -0.0000000000000000000 ) ) ;
#84 = CARTESIAN_POINT ( 'NONE',  ( -0.2299999999999999500, 0.3000000000000000400, -0.4300000000000000500 ) ) ;
#85 = DIRECTION ( 'NONE',  ( -0.0000000000000000000, -1.000000000000000000, -0.0000000000000000000 ) ) ;
#86 = DIRECTION ( 'NONE',  ( 1.070649645329435800E-014, -0.0000000000000000000, 1.000000000000000000 ) ) ;
#87 = VECTOR ( 'NONE', #1490, 1000.000000000000000 ) ;
#88 = STYLED_ITEM ( 'NONE', ( #1172 ), #815 ) ;
#89 = EDGE_CURVE ( 'NONE', #3086, #393, #1543, .T. ) ;
#90 = ORIENTED_EDGE ( 'NONE', *, *, #2842, .F. ) ;
#91 = DIRECTION ( 'NONE',  ( 0.0000000000000000000, 1.000000000000000000, 0.0000000000000000000 ) ) ;
#92 = EDGE_CURVE ( 'NONE', #2995, #1709, #2132, .T. ) ;
#93 = DIRECTION ( 'NONE',  ( 0.0000000000000000000, 0.0000000000000000000, 1.000000000000000000 ) ) ;
#94 = ORIENTED_EDGE ( 'NONE', *, *, #497, .T. ) ;
#95 = PLANE ( 'NONE',  #2471 ) ;
#96 = VERTEX_POINT ( 'NONE', #214 ) ;
#97 = ORIENTED_EDGE ( 'NONE', *, *, #1396, .F. ) ;
#98 = ORIENTED_EDGE ( 'NONE', *, *, #175, .T. ) ;
#99 = AXIS2_PLACEMENT_3D ( 'NONE', #3062, #1609, #83 ) ;
#100 = EDGE_LOOP ( 'NONE', ( #2857, #2661, #1577, #1342 ) ) ;
#101 = PRESENTATION_LAYER_ASSIGNMENT (  '', '', ( #3002 ) ) ;
#102 = DIRECTION ( 'NONE',  ( 0.0000000000000000000, 0.0000000000000000000, 1.000000000000000000 ) ) ;
#103 = LINE ( 'NONE', #533, #2619 ) ;
#104 = EDGE_LOOP ( 'NONE', ( #3148, #2839, #858, #313 ) ) ;
#105 = PLANE ( 'NONE',  #3047 ) ;
#106 = EDGE_LOOP ( 'NONE', ( #1502, #800, #3057, #759 ) ) ;
#107 = ORIENTED_EDGE ( 'NONE', *, *, #2380, .T. ) ;
#108 = DIRECTION ( 'NONE',  ( 0.0000000000000000000, 0.0000000000000000000, 1.000000000000000000 ) ) ;
#109 = CARTESIAN_POINT ( 'NONE',  ( 0.0000000000000000000, 0.0000000000000000000, -0.2999999999999999900 ) ) ;
#110 = VECTOR ( 'NONE', #386, 1000.000000000000000 ) ;
#111 = PLANE ( 'NONE',  #1305 ) ;
#112 = VERTEX_POINT ( 'NONE', #2208 ) ;
#113 = PLANE ( 'NONE',  #2274 ) ;
#114 = PRODUCT_DEFINITION_CONTEXT ( 'detailed design', #658, 'design' ) ;
#115 = DIRECTION ( 'NONE',  ( 1.000000000000000000, 0.0000000000000000000, -0.0000000000000000000 ) ) ;
#116 = DIRECTION ( 'NONE',  ( 0.0000000000000000000, 1.000000000000000000, -0.0000000000000000000 ) ) ;
#117 = EDGE_LOOP ( 'NONE', ( #579, #3094, #2284, #2895 ) ) ;
#118 = EDGE_LOOP ( 'NONE', ( #165, #2117, #2965, #1605 ) ) ;
#119 = VERTEX_POINT ( 'NONE', #182 ) ;
#120 = CARTESIAN_POINT ( 'NONE',  ( 0.3500000000000000300, 0.1020000000000000900, 0.5500000000000000400 ) ) ;
#121 = VECTOR ( 'NONE', #455, 1000.000000000000000 ) ;
#122 = FACE_OUTER_BOUND ( 'NONE', #1815, .T. ) ;
#123 = EDGE_LOOP ( 'NONE', ( #2429, #1552, #947, #2220 ) ) ;
#124 = AXIS2_PLACEMENT_3D ( 'NONE', #1934, #3000, #582 ) ;
#125 = EDGE_CURVE ( 'NONE', #3212, #2849, #1381, .T. ) ;
#126 = ORIENTED_EDGE ( 'NONE', *, *, #2028, .F. ) ;
#127 = CARTESIAN_POINT ( 'NONE',  ( 0.1000000000000020200, 0.01999999999999999700, -0.3000000000000000400 ) ) ;
#128 = LINE ( 'NONE', #3038, #2712 ) ;
#129 = LINE ( 'NONE', #2610, #641 ) ;
#130 = DIRECTION ( 'NONE',  ( 1.000000000000000000, 0.0000000000000000000, -0.0000000000000000000 ) ) ;
#131 = ORIENTED_EDGE ( 'NONE', *, *, #1250, .T. ) ;
#132 = DIRECTION ( 'NONE',  ( -0.0000000000000000000, -1.000000000000000000, -0.0000000000000000000 ) ) ;
#133 = DIRECTION ( 'NONE',  ( 1.000000000000000000, 0.0000000000000000000, -0.0000000000000000000 ) ) ;
#134 = MANIFOLD_SOLID_BREP ( 'Boss-Extrude4[2]', #959 ) ;
#135 = DIRECTION ( 'NONE',  ( 0.0000000000000000000, 1.000000000000000000, 0.0000000000000000000 ) ) ;
#136 = DIRECTION ( 'NONE',  ( 0.0000000000000000000, -0.0000000000000000000, -1.000000000000000000 ) ) ;
#137 = DIRECTION ( 'NONE',  ( 0.0000000000000000000, 1.000000000000000000, 0.0000000000000000000 ) ) ;
#138 = VECTOR ( 'NONE', #1299, 1000.000000000000000 ) ;
#139 = FILL_AREA_STYLE_COLOUR ( '', #2235 ) ;
#140 = ADVANCED_FACE ( 'NONE', ( #3101 ), #2426, .F. ) ;
#141 = LINE ( 'NONE', #2377, #1996 ) ;
#142 = ORIENTED_EDGE ( 'NONE', *, *, #330, .F. ) ;
#143 = DIRECTION ( 'NONE',  ( -1.000000000000000000, 0.0000000000000000000, 0.0000000000000000000 ) ) ;
#144 = CARTESIAN_POINT ( 'NONE',  ( 0.3000000000000082000, 0.01999999999999999700, 0.3000000000000000400 ) ) ;
#145 = CARTESIAN_POINT ( 'NONE',  ( -0.3499999999999999200, 0.1020000000000000100, -0.4700000000000001400 ) ) ;
#146 = AXIS2_PLACEMENT_3D ( 'NONE', #2485, #2502, #2512 ) ;
#147 = EDGE_CURVE ( 'NONE', #1, #1735, #1155, .T. ) ;
#148 = CARTESIAN_POINT ( 'NONE',  ( 0.2500000000000000600, 0.05500000000000000700, 0.06999999999999996500 ) ) ;
#149 = EDGE_CURVE ( 'NONE', #2598, #1264, #1812, .T. ) ;
#150 = VECTOR ( 'NONE', #1821, 1000.000000000000000 ) ;
#151 = CARTESIAN_POINT ( 'NONE',  ( 0.0000000000000000000, 0.0000000000000000000, 0.1000000000000000500 ) ) ;
#152 = CLOSED_SHELL ( 'NONE', ( #2978, #1187, #1664, #926, #2382, #2939 ) ) ;
#153 = ORIENTED_EDGE ( 'NONE', *, *, #379, .T. ) ;
#154 = VECTOR ( 'NONE', #710, 1000.000000000000000 ) ;
#155 = VERTEX_POINT ( 'NONE', #1147 ) ;
#156 = DIRECTION ( 'NONE',  ( 0.0000000000000000000, 0.0000000000000000000, -1.000000000000000000 ) ) ;
#157 = ADVANCED_FACE ( 'NONE', ( #1749 ), #778, .T. ) ;
#158 = ORIENTED_EDGE ( 'NONE', *, *, #999, .T. ) ;
#159 = DIRECTION ( 'NONE',  ( 1.000000000000000000, 0.0000000000000000000, -5.421010862427524100E-016 ) ) ;
#160 = DIRECTION ( 'NONE',  ( 0.0000000000000000000, -0.0000000000000000000, -1.000000000000000000 ) ) ;
#161 = SURFACE_SIDE_STYLE ('',( #2147 ) ) ;
#162 = CARTESIAN_POINT ( 'NONE',  ( -0.3499999999999999200, 0.1020000000000000100, -0.3300000000000001800 ) ) ;
#163 = LINE ( 'NONE', #652, #1513 ) ;
#164 = CARTESIAN_POINT ( 'NONE',  ( -0.2499999999999999400, 0.05500000000000000700, -0.3300000000000001300 ) ) ;
#165 = ORIENTED_EDGE ( 'NONE', *, *, #999, .F. ) ;
#166 = EDGE_LOOP ( 'NONE', ( #1879, #1304 ) ) ;
#167 = VECTOR ( 'NONE', #889, 1000.000000000000000 ) ;
#168 = DIRECTION ( 'NONE',  ( 0.0000000000000000000, -0.0000000000000000000, 1.000000000000000000 ) ) ;
#169 = VERTEX_POINT ( 'NONE', #921 ) ;
#170 = ORIENTED_EDGE ( 'NONE', *, *, #2201, .T. ) ;
#171 = EDGE_LOOP ( 'NONE', ( #2507, #3147, #2878, #911 ) ) ;
#172 = AXIS2_PLACEMENT_3D ( 'NONE', #1354, #3016, #288 ) ;
#173 = FILL_AREA_STYLE ('',( #139 ) ) ;
#174 = VECTOR ( 'NONE', #2768, 1000.000000000000000 ) ;
#175 = EDGE_CURVE ( 'NONE', #2621, #1324, #3026, .T. ) ;
#176 = EDGE_CURVE ( 'NONE', #25, #2772, #2036, .T. ) ;
#177 = ADVANCED_FACE ( 'NONE', ( #400 ), #1417, .F. ) ;
#178 =( LENGTH_UNIT ( ) NAMED_UNIT ( * ) SI_UNIT ( .MILLI., .METRE. ) );
#179 = CIRCLE ( 'NONE', #2163, 0.05000000000000002400 ) ;
#180 = DIRECTION ( 'NONE',  ( 1.000000000000000000, 0.0000000000000000000, -0.0000000000000000000 ) ) ;
#181 = AXIS2_PLACEMENT_3D ( 'NONE', #770, #1020, #2759 ) ;
#182 = CARTESIAN_POINT ( 'NONE',  ( 0.3500000000000000300, 0.05499999999999998600, -0.4700000000000001400 ) ) ;
#183 = AXIS2_PLACEMENT_3D ( 'NONE', #2966, #3190, #1750 ) ;
#184 = VECTOR ( 'NONE', #2134, 1000.000000000000000 ) ;
#185 = SURFACE_STYLE_USAGE ( .BOTH. , #161 ) ;
#186 =( NAMED_UNIT ( * ) SI_UNIT ( $, .STERADIAN. ) SOLID_ANGLE_UNIT ( ) );
#187 = CARTESIAN_POINT ( 'NONE',  ( -0.3000000000000134200, 0.3028427124746300200, -0.2999999999999999900 ) ) ;
#188 = CARTESIAN_POINT ( 'NONE',  ( -0.2499999999999999400, 0.1019999999999999900, 0.4700000000000000300 ) ) ;
#189 = CARTESIAN_POINT ( 'NONE',  ( 0.0000000000000000000, 0.02000000000000000000, 0.0000000000000000000 ) ) ;
#190 = VERTEX_POINT ( 'NONE', #2982 ) ;
#191 = ADVANCED_FACE ( 'NONE', ( #1963 ), #2657, .F. ) ;
#192 = EDGE_CURVE ( 'NONE', #638, #2144, #2689, .T. ) ;
#193 = EDGE_CURVE ( 'NONE', #2846, #837, #2613, .T. ) ;
#194 = ORIENTED_EDGE ( 'NONE', *, *, #657, .F. ) ;
#195 = ORIENTED_EDGE ( 'NONE', *, *, #1081, .F. ) ;
#196 = VECTOR ( 'NONE', #2278, 1000.000000000000000 ) ;
#197 = ORIENTED_EDGE ( 'NONE', *, *, #3089, .F. ) ;
#198 = DIRECTION ( 'NONE',  ( -1.000000000000000000, 0.0000000000000000000, 0.0000000000000000000 ) ) ;
#199 = AXIS2_PLACEMENT_3D ( 'NONE', #376, #159, #226 ) ;
#200 =( NAMED_UNIT ( * ) PLANE_ANGLE_UNIT ( ) SI_UNIT ( $, .RADIAN. ) );
#201 = PLANE ( 'NONE',  #1628 ) ;
#202 = FACE_OUTER_BOUND ( 'NONE', #2640, .T. ) ;
#203 = CARTESIAN_POINT ( 'NONE',  ( -0.2499999999999999400, 0.05500000000000000700, -0.07000000000000007600 ) ) ;
#204 = VERTEX_POINT ( 'NONE', #401 ) ;
#205 = DIRECTION ( 'NONE',  ( 0.0000000000000000000, -1.000000000000000000, 0.0000000000000000000 ) ) ;
#206 = DIRECTION ( 'NONE',  ( 0.0000000000000000000, 0.0000000000000000000, 1.000000000000000000 ) ) ;
#207 = ORIENTED_EDGE ( 'NONE', *, *, #2027, .T. ) ;
#208 = PRESENTATION_STYLE_ASSIGNMENT (( #1426 ) ) ;
#209 = VECTOR ( 'NONE', #327, 1000.000000000000000 ) ;
#210 = ADVANCED_FACE ( 'NONE', ( #1286 ), #111, .T. ) ;
#211 = CARTESIAN_POINT ( 'NONE',  ( 0.2500000000000000600, 0.1019999999999999900, 0.06999999999999996500 ) ) ;
#212 = ORIENTED_EDGE ( 'NONE', *, *, #2994, .F. ) ;
#213 = ORIENTED_EDGE ( 'NONE', *, *, #656, .T. ) ;
#214 = CARTESIAN_POINT ( 'NONE',  ( 0.2500000000000000600, 0.05500000000000000700, -0.07000000000000007600 ) ) ;
#215 = VECTOR ( 'NONE', #1592, 1000.000000000000000 ) ;
#216 = ORIENTED_EDGE ( 'NONE', *, *, #2283, .T. ) ;
#217 = CARTESIAN_POINT ( 'NONE',  ( -0.3499999999999999200, 0.1020000000000000900, 0.5500000000000000400 ) ) ;
#218 = DIRECTION ( 'NONE',  ( 1.000000000000000000, 0.0000000000000000000, -0.0000000000000000000 ) ) ;
#219 = CARTESIAN_POINT ( 'NONE',  ( -0.1000000000000134900, 0.01999999999999999700, -0.5000000000000000000 ) ) ;
#220 = FACE_OUTER_BOUND ( 'NONE', #123, .T. ) ;
#221 = EDGE_CURVE ( 'NONE', #2541, #903, #3166, .T. ) ;
#222 = EDGE_CURVE ( 'NONE', #1486, #1627, #1876, .T. ) ;
#223 = CARTESIAN_POINT ( 'NONE',  ( 0.2500000000000000600, 0.05500000000000000700, 0.06999999999999996500 ) ) ;
#224 = ORIENTED_EDGE ( 'NONE', *, *, #899, .T. ) ;
#225 = FACE_OUTER_BOUND ( 'NONE', #1465, .T. ) ;
#226 = DIRECTION ( 'NONE',  ( -5.421010862427524100E-016, 0.0000000000000000000, -1.000000000000000000 ) ) ;
#227 = PRODUCT_DEFINITION ( 'UNKNOWN', '', #1401, #114 ) ;
#228 = ORIENTED_EDGE ( 'NONE', *, *, #866, .T. ) ;
#229 = FACE_OUTER_BOUND ( 'NONE', #118, .T. ) ;
#230 = DIRECTION ( 'NONE',  ( -0.0000000000000000000, -1.000000000000000000, -0.0000000000000000000 ) ) ;
#231 = ADVANCED_FACE ( 'NONE', ( #3083 ), #1642, .F. ) ;
#232 = VECTOR ( 'NONE', #1756, 1000.000000000000000 ) ;
#233 = LINE ( 'NONE', #3022, #2807 ) ;
#234 = ORIENTED_EDGE ( 'NONE', *, *, #553, .F. ) ;
#235 = CARTESIAN_POINT ( 'NONE',  ( 0.3500000000000000300, 2.103840481040530000, 0.5500000000000000400 ) ) ;
#236 = CARTESIAN_POINT ( 'NONE',  ( -0.1023212946968994200, 0.1019999999999999900, -0.4700000000000001400 ) ) ;
#237 = EDGE_CURVE ( 'NONE', #1549, #433, #2463, .T. ) ;
#238 = EDGE_CURVE ( 'NONE', #2053, #1961, #2537, .T. ) ;
#239 = ORIENTED_EDGE ( 'NONE', *, *, #1037, .F. ) ;
#240 = PLANE ( 'NONE',  #402 ) ;
#241 = AXIS2_PLACEMENT_3D ( 'NONE', #3115, #3037, #3130 ) ;
#242 = ADVANCED_FACE ( 'NONE', ( #1134 ), #2381, .F. ) ;
#243 = AXIS2_PLACEMENT_3D ( 'NONE', #3122, #156, #1919 ) ;
#244 = EDGE_LOOP ( 'NONE', ( #1111, #2676, #2548, #21 ) ) ;
#245 = FACE_BOUND ( 'NONE', #2694, .T. ) ;
#246 = CARTESIAN_POINT ( 'NONE',  ( -0.3000000000000051500, 0.3028427124746300200, 0.3000000000000001600 ) ) ;
#247 = ORIENTED_EDGE ( 'NONE', *, *, #347, .T. ) ;
#248 = CIRCLE ( 'NONE', #429, 0.05000000000000002400 ) ;
#249 = ORIENTED_EDGE ( 'NONE', *, *, #656, .F. ) ;
#250 = ORIENTED_EDGE ( 'NONE', *, *, #1631, .T. ) ;
#251 = ORIENTED_EDGE ( 'NONE', *, *, #2272, .T. ) ;
#252 = FACE_OUTER_BOUND ( 'NONE', #2393, .T. ) ;
#253 = PLANE ( 'NONE',  #535 ) ;
#254 = DIRECTION ( 'NONE',  ( -0.0000000000000000000, -0.0000000000000000000, -1.000000000000000000 ) ) ;
#255 = ADVANCED_FACE ( 'NONE', ( #2386 ), #1023, .F. ) ;
#256 = FACE_OUTER_BOUND ( 'NONE', #166, .T. ) ;
#257 = AXIS2_PLACEMENT_3D ( 'NONE', #1862, #916, #653 ) ;
#258 = CARTESIAN_POINT ( 'NONE',  ( 0.3500000000000000300, 0.0000000000000000000, -0.3300000000000001300 ) ) ;
#259 = CARTESIAN_POINT ( 'NONE',  ( -0.3499999999999999200, 0.05500000000000000700, -0.4700000000000001400 ) ) ;
#260 = DIRECTION ( 'NONE',  ( 0.0000000000000000000, 0.0000000000000000000, 1.000000000000000000 ) ) ;
#261 = CARTESIAN_POINT ( 'NONE',  ( 0.0000000000000000000, 0.0000000000000000000, 0.0000000000000000000 ) ) ;
#262 = DIRECTION ( 'NONE',  ( 0.0000000000000000000, -0.0000000000000000000, 1.000000000000000000 ) ) ;
#263 = ORIENTED_EDGE ( 'NONE', *, *, #1018, .T. ) ;
#264 = DIRECTION ( 'NONE',  ( 7.758821796849392400E-014, 0.0000000000000000000, 1.000000000000000000 ) ) ;
#265 = ORIENTED_EDGE ( 'NONE', *, *, #845, .T. ) ;
#266 = VECTOR ( 'NONE', #2733, 1000.000000000000000 ) ;
#267 = ORIENTED_EDGE ( 'NONE', *, *, #1603, .F. ) ;
#268 = DIRECTION ( 'NONE',  ( 0.0000000000000000000, -0.0000000000000000000, 1.000000000000000000 ) ) ;
#269 = EDGE_LOOP ( 'NONE', ( #197, #1623, #3112, #2122 ) ) ;
#270 = AXIS2_PLACEMENT_3D ( 'NONE', #2919, #394, #884 ) ;
#271 = EDGE_CURVE ( 'NONE', #2622, #1022, #1798, .T. ) ;
#272 = EDGE_CURVE ( 'NONE', #2241, #681, #1728, .T. ) ;
#273 = CARTESIAN_POINT ( 'NONE',  ( -0.2299999999999999500, 0.1585786437626904300, -0.4300000000000000500 ) ) ;
#274 = ORIENTED_EDGE ( 'NONE', *, *, #846, .F. ) ;
#275 = CARTESIAN_POINT ( 'NONE',  ( -0.3000000000000092600, 0.0000000000000000000, 0.1000000000000000500 ) ) ;
#276 = MECHANICAL_DESIGN_GEOMETRIC_PRESENTATION_REPRESENTATION (  '', ( #3002 ), #456 ) ;
#277 = VECTOR ( 'NONE', #2699, 1000.000000000000000 ) ;
#278 = DIRECTION ( 'NONE',  ( 0.0000000000000000000, 1.000000000000000000, -0.0000000000000000000 ) ) ;
#279 = DIRECTION ( 'NONE',  ( 0.0000000000000000000, -0.0000000000000000000, 1.000000000000000000 ) ) ;
#280 = VECTOR ( 'NONE', #468, 1000.000000000000000 ) ;
#281 = ORIENTED_EDGE ( 'NONE', *, *, #271, .T. ) ;
#282 = ORIENTED_EDGE ( 'NONE', *, *, #3175, .F. ) ;
#283 = SURFACE_STYLE_USAGE ( .BOTH. , #1793 ) ;
#284 = LINE ( 'NONE', #3014, #215 ) ;
#285 = VERTEX_POINT ( 'NONE', #2518 ) ;
#286 = DIRECTION ( 'NONE',  ( -1.000000000000000000, -0.0000000000000000000, -0.0000000000000000000 ) ) ;
#287 = VECTOR ( 'NONE', #937, 1000.000000000000000 ) ;
#288 = DIRECTION ( 'NONE',  ( 1.000000000000000000, 0.0000000000000000000, -0.0000000000000000000 ) ) ;
#289 = PRESENTATION_STYLE_ASSIGNMENT (( #2925 ) ) ;
#290 = DIRECTION ( 'NONE',  ( 0.0000000000000000000, 0.0000000000000000000, 1.000000000000000000 ) ) ;
#291 = CARTESIAN_POINT ( 'NONE',  ( 0.3500000000000000300, 0.05500000000000000700, 0.4700000000000000300 ) ) ;
#292 = VECTOR ( 'NONE', #887, 1000.000000000000000 ) ;
#293 = EDGE_CURVE ( 'NONE', #2510, #2586, #2314, .T. ) ;
#294 = DIRECTION ( 'NONE',  ( -0.0000000000000000000, -0.0000000000000000000, 1.000000000000000000 ) ) ;
#295 = VECTOR ( 'NONE', #2115, 1000.000000000000000 ) ;
#296 = AXIS2_PLACEMENT_3D ( 'NONE', #1157, #1604, #1614 ) ;
#297 = CARTESIAN_POINT ( 'NONE',  ( 0.3500000000000000300, 0.05499999999999998600, 0.3300000000000000200 ) ) ;
#298 = LINE ( 'NONE', #2970, #232 ) ;
#299 = DIRECTION ( 'NONE',  ( -0.0000000000000000000, -1.000000000000000000, 0.0000000000000000000 ) ) ;
#300 = DIRECTION ( 'NONE',  ( -1.000000000000000000, 0.0000000000000000000, 0.0000000000000000000 ) ) ;
#301 = CARTESIAN_POINT ( 'NONE',  ( -0.2499999999999999400, 0.1019999999999999900, -0.4700000000000001400 ) ) ;
#302 = VECTOR ( 'NONE', #294, 1000.000000000000000 ) ;
#303 = ORIENTED_EDGE ( 'NONE', *, *, #347, .F. ) ;
#304 = DIRECTION ( 'NONE',  ( 0.0000000000000000000, -0.0000000000000000000, 1.000000000000000000 ) ) ;
#305 = EDGE_LOOP ( 'NONE', ( #2808, #1089, #1613, #446 ) ) ;
#306 = CARTESIAN_POINT ( 'NONE',  ( 0.2500000000000000600, 0.05500000000000000700, 0.06999999999999996500 ) ) ;
#307 = DIRECTION ( 'NONE',  ( 0.0000000000000000000, -0.0000000000000000000, -1.000000000000000000 ) ) ;
#308 = CARTESIAN_POINT ( 'NONE',  ( -0.2499999999999999400, 0.05500000000000000700, 0.3300000000000000200 ) ) ;
#309 = EDGE_CURVE ( 'NONE', #447, #570, #1051, .T. ) ;
#310 = EDGE_CURVE ( 'NONE', #513, #2498, #977, .T. ) ;
#311 = LINE ( 'NONE', #1828, #993 ) ;
#312 = DIRECTION ( 'NONE',  ( -1.000000000000000000, 0.0000000000000000000, 0.0000000000000000000 ) ) ;
#313 = ORIENTED_EDGE ( 'NONE', *, *, #827, .F. ) ;
#314 = DIRECTION ( 'NONE',  ( 0.0000000000000000000, -0.0000000000000000000, 1.000000000000000000 ) ) ;
#315 = FACE_OUTER_BOUND ( 'NONE', #1965, .T. ) ;
#316 = EDGE_LOOP ( 'NONE', ( #2238, #552, #1291, #281 ) ) ;
#317 = ORIENTED_EDGE ( 'NONE', *, *, #1190, .F. ) ;
#318 = PLANE ( 'NONE',  #2443 ) ;
#319 = LINE ( 'NONE', #258, #1593 ) ;
#320 = DIRECTION ( 'NONE',  ( 0.0000000000000000000, 1.000000000000000000, 0.0000000000000000000 ) ) ;
#321 = DIRECTION ( 'NONE',  ( 1.000000000000000000, -0.0000000000000000000, 0.0000000000000000000 ) ) ;
#322 = DIRECTION ( 'NONE',  ( 0.0000000000000000000, 0.0000000000000000000, 1.000000000000000000 ) ) ;
#323 = UNCERTAINTY_MEASURE_WITH_UNIT (LENGTH_MEASURE( 1.000000000000000100E-005 ), #178, 'distance_accuracy_value', 'NONE');
#324 = LINE ( 'NONE', #1702, #934 ) ;
#325 = DIRECTION ( 'NONE',  ( 0.0000000000000000000, 1.000000000000000000, -0.0000000000000000000 ) ) ;
#326 = CARTESIAN_POINT ( 'NONE',  ( 0.3500000000000000300, 0.1020000000000000100, 0.4700000000000000300 ) ) ;
#327 = DIRECTION ( 'NONE',  ( -0.0000000000000000000, 1.000000000000000000, 0.0000000000000000000 ) ) ;
#328 = ORIENTED_EDGE ( 'NONE', *, *, #1563, .T. ) ;
#329 = EDGE_CURVE ( 'NONE', #447, #2578, #466, .T. ) ;
#330 = EDGE_CURVE ( 'NONE', #547, #2241, #298, .T. ) ;
#331 = SURFACE_STYLE_FILL_AREA ( #2330 ) ;
#332 = PLANE ( 'NONE',  #1967 ) ;
#333 = DIRECTION ( 'NONE',  ( -1.000000000000000000, 0.0000000000000000000, 1.084202172485504600E-014 ) ) ;
#334 = DIRECTION ( 'NONE',  ( -7.758821796849392400E-014, -0.0000000000000000000, -1.000000000000000000 ) ) ;
#335 = DIRECTION ( 'NONE',  ( 0.0000000000000000000, -0.0000000000000000000, -1.000000000000000000 ) ) ;
#336 = DIRECTION ( 'NONE',  ( 0.0000000000000000000, -0.0000000000000000000, -1.000000000000000000 ) ) ;
#337 = CARTESIAN_POINT ( 'NONE',  ( 0.3000000000000040400, 0.01999999999999999700, -0.09999999999999999200 ) ) ;
#338 = EDGE_LOOP ( 'NONE', ( #2007, #2940, #1179, #2889 ) ) ;
#339 = FACE_OUTER_BOUND ( 'NONE', #3040, .T. ) ;
#340 = DIRECTION ( 'NONE',  ( 5.421010862427521200E-016, -0.0000000000000000000, 1.000000000000000000 ) ) ;
#341 = CARTESIAN_POINT ( 'NONE',  ( 0.2500000000000000600, 0.05500000000000000700, -0.4700000000000001400 ) ) ;
#342 = CLOSED_SHELL ( 'NONE', ( #1506, #1395, #1683, #3200, #719, #477 ) ) ;
#343 = CARTESIAN_POINT ( 'NONE',  ( 0.3500000000000000300, 0.3999999999999999700, -0.5500000000000000400 ) ) ;
#344 = CARTESIAN_POINT ( 'NONE',  ( 0.2500000000000000600, 0.05500000000000000700, 0.3300000000000000200 ) ) ;
#345 = VECTOR ( 'NONE', #2151, 1000.000000000000000 ) ;
#346 = EDGE_CURVE ( 'NONE', #1427, #2887, #2244, .T. ) ;
#347 = EDGE_CURVE ( 'NONE', #2598, #2782, #901, .T. ) ;
#348 = DIRECTION ( 'NONE',  ( 0.0000000000000000000, 1.000000000000000000, 0.0000000000000000000 ) ) ;
#349 = LINE ( 'NONE', #188, #1032 ) ;
#350 = DIRECTION ( 'NONE',  ( 1.000000000000000000, 0.0000000000000000000, -5.421010862427521200E-016 ) ) ;
#351 = VECTOR ( 'NONE', #519, 1000.000000000000000 ) ;
#352 = CARTESIAN_POINT ( 'NONE',  ( -0.3499999999999999200, 0.3999999999999999700, 0.5500000000000000400 ) ) ;
#353 = DIRECTION ( 'NONE',  ( 0.0000000000000000000, 1.000000000000000000, 0.0000000000000000000 ) ) ;
#354 = ORIENTED_EDGE ( 'NONE', *, *, #953, .T. ) ;
#355 = EDGE_LOOP ( 'NONE', ( #1158, #2395, #2568, #2254 ) ) ;
#356 = CARTESIAN_POINT ( 'NONE',  ( -0.3000000000000093700, 0.0000000000000000000, 0.0000000000000000000 ) ) ;
#357 = FACE_OUTER_BOUND ( 'NONE', #452, .T. ) ;
#358 = ORIENTED_EDGE ( 'NONE', *, *, #1036, .T. ) ;
#359 = CARTESIAN_POINT ( 'NONE',  ( -0.3000000000000135300, 0.01999999999999999700, -0.4999999999999998900 ) ) ;
#360 = CARTESIAN_POINT ( 'NONE',  ( 0.3000000000000040400, 0.0000000000000000000, -0.09999999999999999200 ) ) ;
#361 = FACE_OUTER_BOUND ( 'NONE', #3080, .T. ) ;
#362 = DIRECTION ( 'NONE',  ( 0.0000000000000000000, -1.000000000000000000, 0.0000000000000000000 ) ) ;
#363 = DIRECTION ( 'NONE',  ( 0.0000000000000000000, -0.0000000000000000000, -1.000000000000000000 ) ) ;
#364 = LINE ( 'NONE', #2833, #1639 ) ;
#365 = CARTESIAN_POINT ( 'NONE',  ( 0.2500000000000000600, 0.05500000000000000700, -0.07000000000000007600 ) ) ;
#366 = DIRECTION ( 'NONE',  ( -1.000000000000000000, -0.0000000000000000000, 0.0000000000000000000 ) ) ;
#367 = DIRECTION ( 'NONE',  ( -0.0000000000000000000, -1.000000000000000000, -0.0000000000000000000 ) ) ;
#368 = MANIFOLD_SOLID_BREP ( 'Boss-Extrude3[2]', #2344 ) ;
#369 = FACE_OUTER_BOUND ( 'NONE', #2773, .T. ) ;
#370 = CARTESIAN_POINT ( 'NONE',  ( 0.1000000000000040300, 0.0000000000000000000, -0.09999999999999999200 ) ) ;
#371 = DIRECTION ( 'NONE',  ( 0.0000000000000000000, -0.0000000000000000000, 1.000000000000000000 ) ) ;
#372 = LINE ( 'NONE', #2388, #2311 ) ;
#373 = DIRECTION ( 'NONE',  ( 0.0000000000000000000, -0.0000000000000000000, -1.000000000000000000 ) ) ;
#374 = ORIENTED_EDGE ( 'NONE', *, *, #3068, .T. ) ;
#375 = CLOSED_SHELL ( 'NONE', ( #2004, #1015, #1751, #3174, #1249, #1206 ) ) ;
#376 = CARTESIAN_POINT ( 'NONE',  ( -0.3000000000000134200, 0.3028427124746300200, -0.2999999999999999900 ) ) ;
#377 = VECTOR ( 'NONE', #516, 1000.000000000000000 ) ;
#378 = AXIS2_PLACEMENT_3D ( 'NONE', #892, #1039, #1323 ) ;
#379 = EDGE_CURVE ( 'NONE', #204, #1612, #1253, .T. ) ;
#380 = DIRECTION ( 'NONE',  ( 0.0000000000000000000, -1.000000000000000000, -0.0000000000000000000 ) ) ;
#381 = EDGE_CURVE ( 'NONE', #2802, #720, #2572, .T. ) ;
#382 = PLANE ( 'NONE',  #3097 ) ;
#383 = ORIENTED_EDGE ( 'NONE', *, *, #1060, .F. ) ;
#384 = ORIENTED_EDGE ( 'NONE', *, *, #2248, .F. ) ;
#385 = PRESENTATION_LAYER_ASSIGNMENT (  '', '', ( #36 ) ) ;
#386 = DIRECTION ( 'NONE',  ( -0.0000000000000000000, -0.0000000000000000000, -1.000000000000000000 ) ) ;
#387 = ADVANCED_FACE ( 'NONE', ( #1826 ), #240, .F. ) ;
#388 = LINE ( 'NONE', #1542, #2961 ) ;
#389 = ORIENTED_EDGE ( 'NONE', *, *, #1095, .T. ) ;
#390 = VERTEX_POINT ( 'NONE', #464 ) ;
#391 = PLANE ( 'NONE',  #2750 ) ;
#392 = PRESENTATION_STYLE_ASSIGNMENT (( #2927 ) ) ;
#393 = VERTEX_POINT ( 'NONE', #3168 ) ;
#394 = DIRECTION ( 'NONE',  ( 0.0000000000000000000, 0.0000000000000000000, -1.000000000000000000 ) ) ;
#395 = DIRECTION ( 'NONE',  ( -0.0000000000000000000, -1.000000000000000000, -0.0000000000000000000 ) ) ;
#396 = PLANE ( 'NONE',  #2303 ) ;
#397 =( NAMED_UNIT ( * ) SI_UNIT ( $, .STERADIAN. ) SOLID_ANGLE_UNIT ( ) );
#398 = CARTESIAN_POINT ( 'NONE',  ( -0.2499999999999999400, 0.05500000000000000700, 0.4700000000000000300 ) ) ;
#399 = CARTESIAN_POINT ( 'NONE',  ( 0.1023212946968995300, 0.05500000000000000700, 0.06999999999999996500 ) ) ;
#400 = FACE_OUTER_BOUND ( 'NONE', #2708, .T. ) ;
#401 = CARTESIAN_POINT ( 'NONE',  ( 0.2500000000000000600, 0.1019999999999999900, 0.06999999999999996500 ) ) ;
#402 = AXIS2_PLACEMENT_3D ( 'NONE', #1719, #2945, #2467 ) ;
#403 = CARTESIAN_POINT ( 'NONE',  ( -0.2299999999999999500, 0.4000000000000000200, -0.4300000000000000500 ) ) ;
#404 = EDGE_CURVE ( 'NONE', #3069, #3205, #3044, .T. ) ;
#405 = ORIENTED_EDGE ( 'NONE', *, *, #1495, .T. ) ;
#406 = EDGE_CURVE ( 'NONE', #2253, #942, #502, .T. ) ;
#407 = VECTOR ( 'NONE', #2077, 1000.000000000000000 ) ;
#408 = DIRECTION ( 'NONE',  ( 0.0000000000000000000, 1.000000000000000000, -0.0000000000000000000 ) ) ;
#409 = ADVANCED_FACE ( 'NONE', ( #1770 ), #690, .T. ) ;
#410 = ORIENTED_EDGE ( 'NONE', *, *, #3175, .T. ) ;
#411 = CARTESIAN_POINT ( 'NONE',  ( -0.2499999999999999400, 0.0000000000000000000, 0.0000000000000000000 ) ) ;
#412 = DIRECTION ( 'NONE',  ( 1.000000000000000000, 0.0000000000000000000, 0.0000000000000000000 ) ) ;
#413 = PLANE ( 'NONE',  #1217 ) ;
#414 = ORIENTED_EDGE ( 'NONE', *, *, #1922, .F. ) ;
#415 = AXIS2_PLACEMENT_3D ( 'NONE', #434, #2199, #686 ) ;
#416 = VECTOR ( 'NONE', #895, 1000.000000000000000 ) ;
#417 = CARTESIAN_POINT ( 'NONE',  ( 0.3500000000000000300, 0.1019999999999999900, 0.06999999999999996500 ) ) ;
#418 = VECTOR ( 'NONE', #1666, 1000.000000000000000 ) ;
#419 = ORIENTED_EDGE ( 'NONE', *, *, #2952, .F. ) ;
#420 = PLANE ( 'NONE',  #2743 ) ;
#421 = CARTESIAN_POINT ( 'NONE',  ( -0.3499999999999999200, 0.1020000000000000100, 0.3300000000000000200 ) ) ;
#422 = VECTOR ( 'NONE', #2455, 1000.000000000000000 ) ;
#423 = ORIENTED_EDGE ( 'NONE', *, *, #147, .T. ) ;
#424 = DIRECTION ( 'NONE',  ( -1.000000000000000000, -0.0000000000000000000, -0.0000000000000000000 ) ) ;
#425 = ORIENTED_EDGE ( 'NONE', *, *, #1037, .T. ) ;
#426 = VECTOR ( 'NONE', #2202, 1000.000000000000000 ) ;
#427 = CARTESIAN_POINT ( 'NONE',  ( -0.3000000000000051500, 0.01999999999999999700, 0.5000000000000000000 ) ) ;
#428 = ORIENTED_EDGE ( 'NONE', *, *, #2686, .F. ) ;
#429 = AXIS2_PLACEMENT_3D ( 'NONE', #973, #1053, #1033 ) ;
#430 = ORIENTED_EDGE ( 'NONE', *, *, #1123, .F. ) ;
#431 = ORIENTED_EDGE ( 'NONE', *, *, #864, .F. ) ;
#432 = EDGE_LOOP ( 'NONE', ( #1333, #216, #1887, #274 ) ) ;
#433 = VERTEX_POINT ( 'NONE', #3158 ) ;
#434 = CARTESIAN_POINT ( 'NONE',  ( -0.2299999999999999500, 0.4000000000000000200, -0.4300000000000000500 ) ) ;
#435 = DIRECTION ( 'NONE',  ( -1.000000000000000000, 0.0000000000000000000, 0.0000000000000000000 ) ) ;
#436 = ADVANCED_FACE ( 'NONE', ( #1091 ), #1707, .F. ) ;
#437 = LINE ( 'NONE', #1635, #1194 ) ;
#438 = DIRECTION ( 'NONE',  ( -1.000000000000000000, 0.0000000000000000000, 0.0000000000000000000 ) ) ;
#439 = DIRECTION ( 'NONE',  ( 0.0000000000000000000, -0.0000000000000000000, -1.000000000000000000 ) ) ;
#440 = DIRECTION ( 'NONE',  ( -0.0000000000000000000, -0.0000000000000000000, -1.000000000000000000 ) ) ;
#441 = ORIENTED_EDGE ( 'NONE', *, *, #1631, .F. ) ;
#442 = PLANE ( 'NONE',  #3073 ) ;
#443 = VECTOR ( 'NONE', #367, 1000.000000000000000 ) ;
#444 = DIRECTION ( 'NONE',  ( 0.0000000000000000000, 0.0000000000000000000, 1.000000000000000000 ) ) ;
#445 = PLANE ( 'NONE',  #1769 ) ;
#446 = ORIENTED_EDGE ( 'NONE', *, *, #846, .T. ) ;
#447 = VERTEX_POINT ( 'NONE', #2434 ) ;
#448 = PRESENTATION_LAYER_ASSIGNMENT (  '', '', ( #88 ) ) ;
#449 = EDGE_CURVE ( 'NONE', #2645, #3171, #1173, .T. ) ;
#450 = EDGE_CURVE ( 'NONE', #848, #2748, #2981, .T. ) ;
#451 = ORIENTED_EDGE ( 'NONE', *, *, #3068, .F. ) ;
#452 = EDGE_LOOP ( 'NONE', ( #2399, #792, #2749, #2328 ) ) ;
#453 = VECTOR ( 'NONE', #2814, 1000.000000000000000 ) ;
#454 = AXIS2_PLACEMENT_3D ( 'NONE', #2114, #1621, #102 ) ;
#455 = DIRECTION ( 'NONE',  ( 0.0000000000000000000, 1.000000000000000000, -0.0000000000000000000 ) ) ;
#456 =( GEOMETRIC_REPRESENTATION_CONTEXT ( 3 ) GLOBAL_UNCERTAINTY_ASSIGNED_CONTEXT ( ( #1024 ) ) GLOBAL_UNIT_ASSIGNED_CONTEXT ( ( #3039, #1587, #58 ) ) REPRESENTATION_CONTEXT ( 'NONE', 'WORKASPACE' ) );
#457 = FACE_OUTER_BOUND ( 'NONE', #958, .T. ) ;
#458 = CARTESIAN_POINT ( 'NONE',  ( 0.2500000000000000600, 0.1019999999999999900, 0.4700000000000000300 ) ) ;
#459 = PLANE ( 'NONE',  #2625 ) ;
#460 = DIRECTION ( 'NONE',  ( 0.0000000000000000000, -1.000000000000000000, 0.0000000000000000000 ) ) ;
#461 = ADVANCED_FACE ( 'NONE', ( #1687 ), #3133, .T. ) ;
#462 = VECTOR ( 'NONE', #260, 1000.000000000000000 ) ;
#463 = VECTOR ( 'NONE', #807, 1000.000000000000000 ) ;
#464 = CARTESIAN_POINT ( 'NONE',  ( 0.3500000000000000300, 0.05499999999999998600, 0.06999999999999996500 ) ) ;
#465 = ORIENTED_EDGE ( 'NONE', *, *, #2048, .T. ) ;
#466 = LINE ( 'NONE', #2977, #1561 ) ;
#467 = CARTESIAN_POINT ( 'NONE',  ( -0.2499999999999999400, 0.1019999999999999900, -0.07000000000000007600 ) ) ;
#468 = DIRECTION ( 'NONE',  ( 0.0000000000000000000, 0.0000000000000000000, -1.000000000000000000 ) ) ;
#469 = ORIENTED_EDGE ( 'NONE', *, *, #1764, .F. ) ;
#470 = AXIS2_PLACEMENT_3D ( 'NONE', #2145, #2636, #1313 ) ;
#471 = EDGE_CURVE ( 'NONE', #2432, #1427, #3124, .T. ) ;
#472 = EDGE_LOOP ( 'NONE', ( #1976, #2847, #265, #2138 ) ) ;
#473 = ORIENTED_EDGE ( 'NONE', *, *, #1969, .T. ) ;
#474 = VERTEX_POINT ( 'NONE', #2902 ) ;
#475 =( NAMED_UNIT ( * ) PLANE_ANGLE_UNIT ( ) SI_UNIT ( $, .RADIAN. ) );
#476 = STYLED_ITEM ( 'NONE', ( #1845 ), #1993 ) ;
#477 = ADVANCED_FACE ( 'NONE', ( #1601 ), #2413, .F. ) ;
#478 = LINE ( 'NONE', #1932, #2394 ) ;
#479 = DIRECTION ( 'NONE',  ( 0.0000000000000000000, -0.0000000000000000000, 1.000000000000000000 ) ) ;
#480 = ORIENTED_EDGE ( 'NONE', *, *, #2249, .T. ) ;
#481 = ORIENTED_EDGE ( 'NONE', *, *, #2109, .F. ) ;
#482 = PLANE ( 'NONE',  #876 ) ;
#483 = DIRECTION ( 'NONE',  ( -1.000000000000000000, -0.0000000000000000000, -0.0000000000000000000 ) ) ;
#484 = MANIFOLD_SOLID_BREP ( 'Boss-Extrude4[3]', #1997 ) ;
#485 = SURFACE_SIDE_STYLE ('',( #1331 ) ) ;
#486 = LINE ( 'NONE', #2974, #1072 ) ;
#487 =( NAMED_UNIT ( * ) PLANE_ANGLE_UNIT ( ) SI_UNIT ( $, .RADIAN. ) );
#488 = CARTESIAN_POINT ( 'NONE',  ( -0.2499999999999999400, 0.05500000000000000700, 0.06999999999999996500 ) ) ;
#489 = ORIENTED_EDGE ( 'NONE', *, *, #724, .T. ) ;
#490 = CARTESIAN_POINT ( 'NONE',  ( -0.3499999999999999200, 2.103840481040530000, 0.4700000000000000300 ) ) ;
#491 = LINE ( 'NONE', #612, #1816 ) ;
#492 = ORIENTED_EDGE ( 'NONE', *, *, #2929, .T. ) ;
#493 = CARTESIAN_POINT ( 'NONE',  ( 0.1023212946968995300, 0.05500000000000000700, -0.07000000000000007600 ) ) ;
#494 = ADVANCED_FACE ( 'NONE', ( #938 ), #420, .F. ) ;
#495 = FACE_OUTER_BOUND ( 'NONE', #2478, .T. ) ;
#496 = AXIS2_PLACEMENT_3D ( 'NONE', #2534, #2573, #2583 ) ;
#497 = EDGE_CURVE ( 'NONE', #1311, #2709, #695, .T. ) ;
#498 = EDGE_CURVE ( 'NONE', #204, #2003, #2687, .T. ) ;
#499 = VECTOR ( 'NONE', #2218, 1000.000000000000000 ) ;
#500 = CARTESIAN_POINT ( 'NONE',  ( -0.2299999999999999500, 0.1585786437626904300, -0.3800000000000000000 ) ) ;
#501 = ORIENTED_EDGE ( 'NONE', *, *, #1848, .F. ) ;
#502 = LINE ( 'NONE', #1216, #1918 ) ;
#503 = ADVANCED_FACE ( 'NONE', ( #12 ), #105, .T. ) ;
#504 = CARTESIAN_POINT ( 'NONE',  ( -0.1023212946968994200, 0.05500000000000000700, -0.4700000000000001400 ) ) ;
#505 = ORIENTED_EDGE ( 'NONE', *, *, #1585, .F. ) ;
#506 = DIRECTION ( 'NONE',  ( 0.0000000000000000000, 0.0000000000000000000, -1.000000000000000000 ) ) ;
#507 = ORIENTED_EDGE ( 'NONE', *, *, #2540, .F. ) ;
#508 = PLANE ( 'NONE',  #1197 ) ;
#509 = AXIS2_PLACEMENT_3D ( 'NONE', #1321, #1094, #373 ) ;
#510 = EDGE_CURVE ( 'NONE', #3171, #707, #1357, .T. ) ;
#511 = EDGE_CURVE ( 'NONE', #2887, #1324, #1284, .T. ) ;
#512 = ORIENTED_EDGE ( 'NONE', *, *, #2648, .T. ) ;
#513 = VERTEX_POINT ( 'NONE', #1579 ) ;
#514 = ORIENTED_EDGE ( 'NONE', *, *, #1290, .T. ) ;
#515 = PLANE ( 'NONE',  #181 ) ;
#516 = DIRECTION ( 'NONE',  ( 5.421010862427524100E-016, -0.0000000000000000000, 1.000000000000000000 ) ) ;
#517 = AXIS2_PLACEMENT_3D ( 'NONE', #3, #1782, #262 ) ;
#518 = AXIS2_PLACEMENT_3D ( 'NONE', #236, #2975, #1510 ) ;
#519 = DIRECTION ( 'NONE',  ( -1.000000000000000000, -0.0000000000000000000, 0.0000000000000000000 ) ) ;
#520 = FACE_OUTER_BOUND ( 'NONE', #1205, .T. ) ;
#521 = CARTESIAN_POINT ( 'NONE',  ( -0.2499999999999999400, 0.05500000000000000700, 0.4700000000000000300 ) ) ;
#522 = ADVANCED_FACE ( 'NONE', ( #1871 ), #2770, .F. ) ;
#523 = ORIENTED_EDGE ( 'NONE', *, *, #1808, .T. ) ;
#524 = VECTOR ( 'NONE', #1615, 1000.000000000000000 ) ;
#525 = VERTEX_POINT ( 'NONE', #2075 ) ;
#526 = VERTEX_POINT ( 'NONE', #1376 ) ;
#527 = CARTESIAN_POINT ( 'NONE',  ( 0.3500000000000000300, 0.1020000000000000100, 0.3300000000000000200 ) ) ;
#528 = ORIENTED_EDGE ( 'NONE', *, *, #1873, .F. ) ;
#529 = ORIENTED_EDGE ( 'NONE', *, *, #222, .T. ) ;
#530 = EDGE_CURVE ( 'NONE', #987, #707, #607, .T. ) ;
#531 = LINE ( 'NONE', #2826, #3153 ) ;
#532 = EDGE_CURVE ( 'NONE', #2225, #513, #537, .T. ) ;
#533 = CARTESIAN_POINT ( 'NONE',  ( -0.3000000000000093700, 0.01999999999999999700, -0.09999999999999988100 ) ) ;
#534 = VECTOR ( 'NONE', #2315, 1000.000000000000000 ) ;
#535 = AXIS2_PLACEMENT_3D ( 'NONE', #398, #46, #133 ) ;
#536 = VECTOR ( 'NONE', #180, 1000.000000000000000 ) ;
#537 = LINE ( 'NONE', #2365, #2458 ) ;
#538 = CARTESIAN_POINT ( 'NONE',  ( -0.2499999999999999400, 0.0000000000000000000, 0.0000000000000000000 ) ) ;
#539 = EDGE_LOOP ( 'NONE', ( #384, #1900, #614, #374 ) ) ;
#540 = VECTOR ( 'NONE', #1380, 1000.000000000000000 ) ;
#541 =( NAMED_UNIT ( * ) PLANE_ANGLE_UNIT ( ) SI_UNIT ( $, .RADIAN. ) );
#542 = CARTESIAN_POINT ( 'NONE',  ( 0.2500000000000000600, 0.1019999999999999900, -0.3300000000000001300 ) ) ;
#543 = ORIENTED_EDGE ( 'NONE', *, *, #2283, .F. ) ;
#544 =( LENGTH_UNIT ( ) NAMED_UNIT ( * ) SI_UNIT ( .MILLI., .METRE. ) );
#545 = DIRECTION ( 'NONE',  ( 0.0000000000000000000, 0.0000000000000000000, 1.000000000000000000 ) ) ;
#546 = CARTESIAN_POINT ( 'NONE',  ( 0.2500000000000000600, 0.1019999999999999900, -0.4700000000000002500 ) ) ;
#547 = VERTEX_POINT ( 'NONE', #1602 ) ;
#548 = CIRCLE ( 'NONE', #415, 0.05000000000000002400 ) ;
#549 = DIRECTION ( 'NONE',  ( -1.000000000000000000, 0.0000000000000000000, -0.0000000000000000000 ) ) ;
#550 = CARTESIAN_POINT ( 'NONE',  ( 0.2500000000000000600, 0.05500000000000000700, 0.0000000000000000000 ) ) ;
#551 = STYLED_ITEM ( 'NONE', ( #1995 ), #1064 ) ;
#552 = ORIENTED_EDGE ( 'NONE', *, *, #329, .T. ) ;
#553 = EDGE_CURVE ( 'NONE', #3093, #3201, #1130, .T. ) ;
#554 = EDGE_CURVE ( 'NONE', #3059, #2973, #1796, .T. ) ;
#555 = SURFACE_SIDE_STYLE ('',( #2524 ) ) ;
#556 = CARTESIAN_POINT ( 'NONE',  ( 0.2500000000000000600, 0.05500000000000000700, -0.07000000000000007600 ) ) ;
#557 = MECHANICAL_DESIGN_GEOMETRIC_PRESENTATION_REPRESENTATION (  '', ( #36 ), #728 ) ;
#558 = CARTESIAN_POINT ( 'NONE',  ( 0.3500000000000000300, 0.05500000000000000700, 0.0000000000000000000 ) ) ;
#559 = VECTOR ( 'NONE', #1110, 1000.000000000000000 ) ;
#560 = VERTEX_POINT ( 'NONE', #1896 ) ;
#561 = ORIENTED_EDGE ( 'NONE', *, *, #1270, .F. ) ;
#562 = CARTESIAN_POINT ( 'NONE',  ( 0.0000000000000000000, 0.02000000000000000000, 0.5500000000000000400 ) ) ;
#563 = VECTOR ( 'NONE', #602, 1000.000000000000000 ) ;
#564 = EDGE_LOOP ( 'NONE', ( #2450, #1590, #1143, #662 ) ) ;
#565 = PLANE ( 'NONE',  #2690 ) ;
#566 = LINE ( 'NONE', #488, #1553 ) ;
#567 = EDGE_CURVE ( 'NONE', #863, #3019, #1724, .T. ) ;
#568 = EDGE_CURVE ( 'NONE', #987, #2479, #2384, .T. ) ;
#569 = DIRECTION ( 'NONE',  ( -0.0000000000000000000, 0.0000000000000000000, 1.000000000000000000 ) ) ;
#570 = VERTEX_POINT ( 'NONE', #326 ) ;
#571 = VECTOR ( 'NONE', #1831, 1000.000000000000000 ) ;
#572 = AXIS2_PLACEMENT_3D ( 'NONE', #3143, #3196, #1368 ) ;
#573 = UNCERTAINTY_MEASURE_WITH_UNIT (LENGTH_MEASURE( 1.000000000000000100E-005 ), #1498, 'distance_accuracy_value', 'NONE');
#574 = AXIS2_PLACEMENT_3D ( 'NONE', #2179, #1682, #168 ) ;
#575 = CARTESIAN_POINT ( 'NONE',  ( 0.3000000000000020400, 0.3028427124746300200, -0.3000000000000000400 ) ) ;
#576 = VECTOR ( 'NONE', #1233, 1000.000000000000000 ) ;
#577 = CARTESIAN_POINT ( 'NONE',  ( -0.2299999999999999500, 0.3000000000000000400, -0.4300000000000000500 ) ) ;
#578 = DIRECTION ( 'NONE',  ( 1.000000000000000000, 0.0000000000000000000, -5.421010862427524100E-016 ) ) ;
#579 = ORIENTED_EDGE ( 'NONE', *, *, #1036, .F. ) ;
#580 = EDGE_LOOP ( 'NONE', ( #593, #2886, #821, #451 ) ) ;
#581 = VECTOR ( 'NONE', #1740, 1000.000000000000000 ) ;
#582 = DIRECTION ( 'NONE',  ( 1.000000000000000000, 0.0000000000000000000, -0.0000000000000000000 ) ) ;
#583 = ORIENTED_EDGE ( 'NONE', *, *, #2627, .F. ) ;
#584 = VERTEX_POINT ( 'NONE', #600 ) ;
#585 = EDGE_LOOP ( 'NONE', ( #2355, #1010, #2519, #2187 ) ) ;
#586 = CARTESIAN_POINT ( 'NONE',  ( -0.1023212946968994200, 0.05500000000000000700, -0.07000000000000007600 ) ) ;
#587 = DIRECTION ( 'NONE',  ( -2.710505431213552000E-016, 0.0000000000000000000, -1.000000000000000000 ) ) ;
#588 = AXIS2_PLACEMENT_3D ( 'NONE', #696, #1151, #608 ) ;
#589 = LINE ( 'NONE', #1606, #1841 ) ;
#590 = SURFACE_STYLE_FILL_AREA ( #1899 ) ;
#591 = ORIENTED_EDGE ( 'NONE', *, *, #2929, .F. ) ;
#592 = VECTOR ( 'NONE', #867, 1000.000000000000000 ) ;
#593 = ORIENTED_EDGE ( 'NONE', *, *, #381, .F. ) ;
#594 = ORIENTED_EDGE ( 'NONE', *, *, #1585, .T. ) ;
#595 = VECTOR ( 'NONE', #1556, 1000.000000000000000 ) ;
#596 = DIRECTION ( 'NONE',  ( 0.0000000000000000000, 0.0000000000000000000, -1.000000000000000000 ) ) ;
#597 = DIRECTION ( 'NONE',  ( -1.000000000000000000, 0.0000000000000000000, 2.710505431213552000E-016 ) ) ;
#598 = VECTOR ( 'NONE', #2558, 1000.000000000000000 ) ;
#599 = VECTOR ( 'NONE', #2301, 1000.000000000000000 ) ;
#600 = CARTESIAN_POINT ( 'NONE',  ( -0.3499999999999999200, 0.3999999999999999700, -0.5500000000000000400 ) ) ;
#601 = LINE ( 'NONE', #151, #536 ) ;
#602 = DIRECTION ( 'NONE',  ( 0.0000000000000000000, -0.0000000000000000000, 1.000000000000000000 ) ) ;
#603 = CARTESIAN_POINT ( 'NONE',  ( -0.3499999999999999200, 2.103840481040530000, -0.3300000000000001300 ) ) ;
#604 = MECHANICAL_DESIGN_GEOMETRIC_PRESENTATION_REPRESENTATION (  '', ( #88 ), #783 ) ;
#605 = EDGE_CURVE ( 'NONE', #560, #713, #372, .T. ) ;
#606 = EDGE_CURVE ( 'NONE', #2053, #1576, #3007, .T. ) ;
#607 = LINE ( 'NONE', #1872, #1215 ) ;
#608 = DIRECTION ( 'NONE',  ( 1.000000000000000000, 0.0000000000000000000, -0.0000000000000000000 ) ) ;
#609 = VECTOR ( 'NONE', #913, 1000.000000000000000 ) ;
#610 = ADVANCED_FACE ( 'NONE', ( #2954 ), #3025, .F. ) ;
#611 = DIRECTION ( 'NONE',  ( -1.000000000000000000, 0.0000000000000000000, 0.0000000000000000000 ) ) ;
#612 = CARTESIAN_POINT ( 'NONE',  ( 0.3000000000000020400, 0.0000000000000000000, 0.0000000000000000000 ) ) ;
#613 = ORIENTED_EDGE ( 'NONE', *, *, #2306, .F. ) ;
#614 = ORIENTED_EDGE ( 'NONE', *, *, #2804, .T. ) ;
#615 = ORIENTED_EDGE ( 'NONE', *, *, #1422, .F. ) ;
#616 = CARTESIAN_POINT ( 'NONE',  ( 0.1023212946968995300, 0.05500000000000000700, 0.06999999999999996500 ) ) ;
#617 = DIRECTION ( 'NONE',  ( 0.0000000000000000000, 0.0000000000000000000, 1.000000000000000000 ) ) ;
#618 = CARTESIAN_POINT ( 'NONE',  ( 0.3500000000000000300, 0.1019999999999999900, 0.4700000000000000300 ) ) ;
#619 = ORIENTED_EDGE ( 'NONE', *, *, #449, .T. ) ;
#620 = ORIENTED_EDGE ( 'NONE', *, *, #2685, .F. ) ;
#621 = CARTESIAN_POINT ( 'NONE',  ( -0.2499999999999999400, 0.1019999999999999900, 0.3300000000000000200 ) ) ;
#622 = VECTOR ( 'NONE', #925, 1000.000000000000000 ) ;
#623 = ORIENTED_EDGE ( 'NONE', *, *, #700, .F. ) ;
#624 = ORIENTED_EDGE ( 'NONE', *, *, #3032, .T. ) ;
#625 = CARTESIAN_POINT ( 'NONE',  ( -0.1023212946968994200, 0.05500000000000000700, 0.3300000000000000200 ) ) ;
#626 =( NAMED_UNIT ( * ) SI_UNIT ( $, .STERADIAN. ) SOLID_ANGLE_UNIT ( ) );
#627 = ORIENTED_EDGE ( 'NONE', *, *, #2200, .F. ) ;
#628 = AXIS2_PLACEMENT_3D ( 'NONE', #2538, #143, #3113 ) ;
#629 = EDGE_CURVE ( 'NONE', #1227, #2802, #1643, .T. ) ;
#630 = DIRECTION ( 'NONE',  ( -1.000000000000000000, 0.0000000000000000000, -0.0000000000000000000 ) ) ;
#631 = ADVANCED_FACE ( 'NONE', ( #900 ), #2848, .F. ) ;
#632 = CARTESIAN_POINT ( 'NONE',  ( -0.3499999999999999200, 0.1019999999999999900, 0.3300000000000000200 ) ) ;
#633 = LINE ( 'NONE', #490, #559 ) ;
#634 = CARTESIAN_POINT ( 'NONE',  ( 0.1023212946968995300, 0.1019999999999999900, 0.06999999999999996500 ) ) ;
#635 = DIRECTION ( 'NONE',  ( 0.0000000000000000000, 1.000000000000000000, 0.0000000000000000000 ) ) ;
#636 = AXIS2_PLACEMENT_3D ( 'NONE', #1686, #1817, #1842 ) ;
#637 = ORIENTED_EDGE ( 'NONE', *, *, #1715, .F. ) ;
#638 = VERTEX_POINT ( 'NONE', #2601 ) ;
#639 = FACE_OUTER_BOUND ( 'NONE', #2950, .T. ) ;
#640 = CARTESIAN_POINT ( 'NONE',  ( -0.3499999999999999200, 0.1019999999999999900, 0.0000000000000000000 ) ) ;
#641 = VECTOR ( 'NONE', #861, 1000.000000000000000 ) ;
#642 = ORIENTED_EDGE ( 'NONE', *, *, #678, .F. ) ;
#643 =( NAMED_UNIT ( * ) PLANE_ANGLE_UNIT ( ) SI_UNIT ( $, .RADIAN. ) );
#644 = DIRECTION ( 'NONE',  ( -1.000000000000000000, 0.0000000000000000000, -0.0000000000000000000 ) ) ;
#645 = DIRECTION ( 'NONE',  ( -0.0000000000000000000, -1.000000000000000000, -0.0000000000000000000 ) ) ;
#646 = APPLICATION_PROTOCOL_DEFINITION ( 'draft international standard', 'automotive_design', 1998, #908 ) ;
#647 = LINE ( 'NONE', #1370, #1315 ) ;
#648 = DIRECTION ( 'NONE',  ( 1.000000000000000000, 0.0000000000000000000, -0.0000000000000000000 ) ) ;
#649 = ADVANCED_FACE ( 'NONE', ( #2242 ), #2107, .F. ) ;
#650 = FACE_OUTER_BOUND ( 'NONE', #1519, .T. ) ;
#651 = DIRECTION ( 'NONE',  ( 0.0000000000000000000, -0.0000000000000000000, -1.000000000000000000 ) ) ;
#652 = CARTESIAN_POINT ( 'NONE',  ( 0.0000000000000000000, 0.0000000000000000000, 0.09999999999999993600 ) ) ;
#653 = DIRECTION ( 'NONE',  ( 0.0000000000000000000, -0.0000000000000000000, 1.000000000000000000 ) ) ;
#654 = CARTESIAN_POINT ( 'NONE',  ( -0.09999999999998963900, 0.0000000000000000000, 0.5000000000000000000 ) ) ;
#655 = STYLED_ITEM ( 'NONE', ( #289 ), #1301 ) ;
#656 = EDGE_CURVE ( 'NONE', #1961, #2053, #2873, .T. ) ;
#657 = EDGE_CURVE ( 'NONE', #823, #2904, #2799, .T. ) ;
#658 = APPLICATION_CONTEXT ( 'automotive_design' ) ;
#659 = EDGE_LOOP ( 'NONE', ( #2616, #2157, #2364, #3217 ) ) ;
#660 = CARTESIAN_POINT ( 'NONE',  ( -0.2499999999999999400, 0.1019999999999999900, 0.06999999999999997900 ) ) ;
#661 = EDGE_LOOP ( 'NONE', ( #1625, #1175, #2470, #131 ) ) ;
#662 = ORIENTED_EDGE ( 'NONE', *, *, #222, .F. ) ;
#663 = ORIENTED_EDGE ( 'NONE', *, *, #89, .F. ) ;
#664 = FACE_BOUND ( 'NONE', #106, .T. ) ;
#665 = EDGE_LOOP ( 'NONE', ( #2044, #2736, #2299, #619 ) ) ;
#666 = CARTESIAN_POINT ( 'NONE',  ( 0.0000000000000000000, 0.0000000000000000000, 0.0000000000000000000 ) ) ;
#667 = ADVANCED_FACE ( 'NONE', ( #1496 ), #62, .T. ) ;
#668 = DIRECTION ( 'NONE',  ( -1.000000000000000000, 0.0000000000000000000, -0.0000000000000000000 ) ) ;
#669 = CARTESIAN_POINT ( 'NONE',  ( -0.2499999999999999400, 0.1019999999999999900, -0.3300000000000001800 ) ) ;
#670 = DIRECTION ( 'NONE',  ( -1.000000000000000000, 0.0000000000000000000, -0.0000000000000000000 ) ) ;
#671 = ORIENTED_EDGE ( 'NONE', *, *, #2227, .T. ) ;
#672 = CARTESIAN_POINT ( 'NONE',  ( 0.3000000000000082000, 0.01999999999999999700, 0.5000000000000000000 ) ) ;
#673 = FACE_OUTER_BOUND ( 'NONE', #1146, .T. ) ;
#674 = CARTESIAN_POINT ( 'NONE',  ( -0.3499999999999999200, 2.103840481040530000, 0.5500000000000000400 ) ) ;
#675 = LINE ( 'NONE', #1665, #3213 ) ;
#676 = EDGE_CURVE ( 'NONE', #863, #2003, #808, .T. ) ;
#677 = VERTEX_POINT ( 'NONE', #275 ) ;
#678 = EDGE_CURVE ( 'NONE', #942, #3085, #2073, .T. ) ;
#679 = VECTOR ( 'NONE', #1166, 1000.000000000000000 ) ;
#680 = CARTESIAN_POINT ( 'NONE',  ( 0.3000000000000020400, 0.01999999999999999700, -0.3000000000000000400 ) ) ;
#681 = VERTEX_POINT ( 'NONE', #2083 ) ;
#682 = ORIENTED_EDGE ( 'NONE', *, *, #2540, .T. ) ;
#683 = STYLED_ITEM ( 'NONE', ( #1857 ), #2468 ) ;
#684 = FACE_OUTER_BOUND ( 'NONE', #2189, .T. ) ;
#685 = PLANE ( 'NONE',  #2951 ) ;
#686 = DIRECTION ( 'NONE',  ( 0.0000000000000000000, 0.0000000000000000000, 1.000000000000000000 ) ) ;
#687 = ADVANCED_FACE ( 'NONE', ( #734 ), #2644, .F. ) ;
#688 = VECTOR ( 'NONE', #2383, 1000.000000000000000 ) ;
#689 = VECTOR ( 'NONE', #2150, 1000.000000000000000 ) ;
#690 = PLANE ( 'NONE',  #741 ) ;
#691 = VECTOR ( 'NONE', #2947, 1000.000000000000000 ) ;
#692 = DIRECTION ( 'NONE',  ( 0.0000000000000000000, -1.000000000000000000, 0.0000000000000000000 ) ) ;
#693 = CARTESIAN_POINT ( 'NONE',  ( 0.2500000000000000600, 0.05500000000000000700, -0.4700000000000001400 ) ) ;
#694 = CARTESIAN_POINT ( 'NONE',  ( -0.1000000000000051500, 0.01999999999999999700, 0.3000000000000000400 ) ) ;
#695 = LINE ( 'NONE', #2349, #2034 ) ;
#696 = CARTESIAN_POINT ( 'NONE',  ( 0.1023212946968995300, 0.05500000000000000700, 0.4700000000000000300 ) ) ;
#697 = DIRECTION ( 'NONE',  ( 0.0000000000000000000, -0.0000000000000000000, -1.000000000000000000 ) ) ;
#698 = DIRECTION ( 'NONE',  ( -0.0000000000000000000, -1.000000000000000000, 0.0000000000000000000 ) ) ;
#699 = EDGE_CURVE ( 'NONE', #1787, #1627, #45, .T. ) ;
#700 = EDGE_CURVE ( 'NONE', #2003, #390, #141, .T. ) ;
#701 = VECTOR ( 'NONE', #1404, 1000.000000000000000 ) ;
#702 = CARTESIAN_POINT ( 'NONE',  ( -0.1000000000000051400, 0.3028427124746300200, 0.3000000000000000400 ) ) ;
#703 = ADVANCED_FACE ( 'NONE', ( #650 ), #2570, .F. ) ;
#704 = ORIENTED_EDGE ( 'NONE', *, *, #1270, .T. ) ;
#705 = CARTESIAN_POINT ( 'NONE',  ( -0.2499999999999999400, 0.1019999999999999900, 0.0000000000000000000 ) ) ;
#706 = FACE_OUTER_BOUND ( 'NONE', #2544, .T. ) ;
#707 = VERTEX_POINT ( 'NONE', #2340 ) ;
#708 = VERTEX_POINT ( 'NONE', #2812 ) ;
#709 = PLANE ( 'NONE',  #27 ) ;
#710 = DIRECTION ( 'NONE',  ( -1.000000000000000000, -0.0000000000000000000, 0.0000000000000000000 ) ) ;
#711 = FACE_OUTER_BOUND ( 'NONE', #2926, .T. ) ;
#712 = CARTESIAN_POINT ( 'NONE',  ( 0.3500000000000000300, 0.1019999999999999900, -0.3300000000000001300 ) ) ;
#713 = VERTEX_POINT ( 'NONE', #44 ) ;
#714 = CARTESIAN_POINT ( 'NONE',  ( 0.2500000000000000600, 0.05500000000000000700, 0.3300000000000000200 ) ) ;
#715 = VECTOR ( 'NONE', #1255, 1000.000000000000000 ) ;
#716 = ORIENTED_EDGE ( 'NONE', *, *, #1765, .F. ) ;
#717 = VECTOR ( 'NONE', #86, 1000.000000000000000 ) ;
#718 = DIRECTION ( 'NONE',  ( 1.000000000000000000, -0.0000000000000000000, 0.0000000000000000000 ) ) ;
#719 = ADVANCED_FACE ( 'NONE', ( #1319 ), #1343, .F. ) ;
#720 = VERTEX_POINT ( 'NONE', #556 ) ;
#721 = VERTEX_POINT ( 'NONE', #527 ) ;
#722 = VECTOR ( 'NONE', #3071, 1000.000000000000000 ) ;
#723 = AXIS2_PLACEMENT_3D ( 'NONE', #1055, #994, #1092 ) ;
#724 = EDGE_CURVE ( 'NONE', #119, #726, #2651, .T. ) ;
#725 = EDGE_CURVE ( 'NONE', #393, #2766, #1916, .T. ) ;
#726 = VERTEX_POINT ( 'NONE', #2391 ) ;
#727 = DIRECTION ( 'NONE',  ( 0.0000000000000000000, 0.0000000000000000000, 1.000000000000000000 ) ) ;
#728 =( GEOMETRIC_REPRESENTATION_CONTEXT ( 3 ) GLOBAL_UNCERTAINTY_ASSIGNED_CONTEXT ( ( #1951 ) ) GLOBAL_UNIT_ASSIGNED_CONTEXT ( ( #1411, #3119, #1668 ) ) REPRESENTATION_CONTEXT ( 'NONE', 'WORKASPACE' ) );
#729 = CARTESIAN_POINT ( 'NONE',  ( 0.2500000000000000600, 0.05500000000000000700, 0.06999999999999996500 ) ) ;
#730 = DIRECTION ( 'NONE',  ( -7.758821796849392400E-014, -0.0000000000000000000, -1.000000000000000000 ) ) ;
#731 =( LENGTH_UNIT ( ) NAMED_UNIT ( * ) SI_UNIT ( .MILLI., .METRE. ) );
#732 = LINE ( 'NONE', #1241, #2647 ) ;
#733 = ORIENTED_EDGE ( 'NONE', *, *, #2994, .T. ) ;
#734 = FACE_OUTER_BOUND ( 'NONE', #1659, .T. ) ;
#735 = CARTESIAN_POINT ( 'NONE',  ( -0.2299999999999999500, 0.3000000000000000400, -0.4300000000000000500 ) ) ;
#736 = ADVANCED_FACE ( 'NONE', ( #229 ), #746, .F. ) ;
#737 = EDGE_LOOP ( 'NONE', ( #250, #1838, #1694, #1307 ) ) ;
#738 = CARTESIAN_POINT ( 'NONE',  ( 0.1000000000000040700, 0.3028427124746300200, 0.09999999999999993600 ) ) ;
#739 = CARTESIAN_POINT ( 'NONE',  ( 0.3000000000000040400, 0.01999999999999999700, -0.09999999999999999200 ) ) ;
#740 = DIRECTION ( 'NONE',  ( -0.0000000000000000000, -1.000000000000000000, -0.0000000000000000000 ) ) ;
#741 = AXIS2_PLACEMENT_3D ( 'NONE', #2232, #198, #2442 ) ;
#742 = EDGE_CURVE ( 'NONE', #963, #2729, #1824, .T. ) ;
#743 = ORIENTED_EDGE ( 'NONE', *, *, #1808, .F. ) ;
#744 = EDGE_CURVE ( 'NONE', #1466, #1198, #3123, .T. ) ;
#745 = ORIENTED_EDGE ( 'NONE', *, *, #2200, .T. ) ;
#746 = PLANE ( 'NONE',  #2841 ) ;
#747 = ORIENTED_EDGE ( 'NONE', *, *, #2602, .F. ) ;
#748 = STYLED_ITEM ( 'NONE', ( #392 ), #2795 ) ;
#749 = FACE_OUTER_BOUND ( 'NONE', #55, .T. ) ;
#750 = DIRECTION ( 'NONE',  ( -1.000000000000000000, -0.0000000000000000000, 0.0000000000000000000 ) ) ;
#751 = ORIENTED_EDGE ( 'NONE', *, *, #1873, .T. ) ;
#752 = VERTEX_POINT ( 'NONE', #2707 ) ;
#753 = CARTESIAN_POINT ( 'NONE',  ( -0.3000000000000051500, 0.01999999999999999700, 0.3000000000000001600 ) ) ;
#754 = DIRECTION ( 'NONE',  ( 0.0000000000000000000, 1.000000000000000000, 0.0000000000000000000 ) ) ;
#755 = ADVANCED_FACE ( 'NONE', ( #2499 ), #1448, .F. ) ;
#756 = ORIENTED_EDGE ( 'NONE', *, *, #606, .F. ) ;
#757 = VERTEX_POINT ( 'NONE', #654 ) ;
#758 = PRODUCT_DEFINITION_SHAPE ( 'NONE', 'NONE',  #227 ) ;
#759 = ORIENTED_EDGE ( 'NONE', *, *, #801, .F. ) ;
#760 = VECTOR ( 'NONE', #1860, 1000.000000000000000 ) ;
#761 = DIRECTION ( 'NONE',  ( -0.0000000000000000000, -1.000000000000000000, 0.0000000000000000000 ) ) ;
#762 = ORIENTED_EDGE ( 'NONE', *, *, #1061, .F. ) ;
#763 = FILL_AREA_STYLE_COLOUR ( '', #3103 ) ;
#764 = VECTOR ( 'NONE', #1159, 1000.000000000000000 ) ;
#765 = ORIENTED_EDGE ( 'NONE', *, *, #2928, .F. ) ;
#766 = ORIENTED_EDGE ( 'NONE', *, *, #2131, .T. ) ;
#767 = DIRECTION ( 'NONE',  ( -1.000000000000000000, -0.0000000000000000000, 5.421010862427521200E-016 ) ) ;
#768 = CARTESIAN_POINT ( 'NONE',  ( -0.2499999999999999400, 0.1019999999999999900, 0.06999999999999996500 ) ) ;
#769 = LINE ( 'NONE', #1050, #1348 ) ;
#770 = CARTESIAN_POINT ( 'NONE',  ( -0.09999999999998963900, 0.3028427124746300200, 0.5000000000000000000 ) ) ;
#771 = LINE ( 'NONE', #2182, #2023 ) ;
#772 = DIRECTION ( 'NONE',  ( 0.0000000000000000000, 1.000000000000000000, 0.0000000000000000000 ) ) ;
#773 = ADVANCED_FACE ( 'NONE', ( #1766 ), #2402, .F. ) ;
#774 = VECTOR ( 'NONE', #1827, 1000.000000000000000 ) ;
#775 = CARTESIAN_POINT ( 'NONE',  ( 0.3500000000000000300, 0.0000000000000000000, 0.3300000000000000200 ) ) ;
#776 = LINE ( 'NONE', #1949, #82 ) ;
#777 = DIRECTION ( 'NONE',  ( 1.000000000000000000, 0.0000000000000000000, 0.0000000000000000000 ) ) ;
#778 = CYLINDRICAL_SURFACE ( 'NONE', #470, 0.05000000000000002400 ) ;
#779 = FILL_AREA_STYLE_COLOUR ( '', #2346 ) ;
#780 = CARTESIAN_POINT ( 'NONE',  ( -0.3499999999999999200, 0.05500000000000000700, -0.4700000000000001400 ) ) ;
#781 = VERTEX_POINT ( 'NONE', #2649 ) ;
#782 = VERTEX_POINT ( 'NONE', #145 ) ;
#783 =( GEOMETRIC_REPRESENTATION_CONTEXT ( 3 ) GLOBAL_UNCERTAINTY_ASSIGNED_CONTEXT ( ( #2332 ) ) GLOBAL_UNIT_ASSIGNED_CONTEXT ( ( #1991, #487, #1711 ) ) REPRESENTATION_CONTEXT ( 'NONE', 'WORKASPACE' ) );
#784 = EDGE_CURVE ( 'NONE', #474, #1026, #3041, .T. ) ;
#785 = EDGE_CURVE ( 'NONE', #1435, #830, #2419, .T. ) ;
#786 = VECTOR ( 'NONE', #777, 1000.000000000000000 ) ;
#787 = ORIENTED_EDGE ( 'NONE', *, *, #2602, .T. ) ;
#788 = DIRECTION ( 'NONE',  ( -0.0000000000000000000, 0.0000000000000000000, 1.000000000000000000 ) ) ;
#789 = VECTOR ( 'NONE', #2871, 1000.000000000000000 ) ;
#790 = DIRECTION ( 'NONE',  ( 0.0000000000000000000, -0.0000000000000000000, 1.000000000000000000 ) ) ;
#791 = AXIS2_PLACEMENT_3D ( 'NONE', #878, #1129, #2858 ) ;
#792 = ORIENTED_EDGE ( 'NONE', *, *, #8, .F. ) ;
#793 = PLANE ( 'NONE',  #1829 ) ;
#794 = LINE ( 'NONE', #1998, #2059 ) ;
#795 = ORIENTED_EDGE ( 'NONE', *, *, #2421, .T. ) ;
#796 = PLANE ( 'NONE',  #1352 ) ;
#797 = EDGE_LOOP ( 'NONE', ( #2087, #247 ) ) ;
#798 = VECTOR ( 'NONE', #2670, 1000.000000000000000 ) ;
#799 = VECTOR ( 'NONE', #1093, 1000.000000000000000 ) ;
#800 = ORIENTED_EDGE ( 'NONE', *, *, #3033, .F. ) ;
#801 = EDGE_CURVE ( 'NONE', #752, #2261, #1087, .T. ) ;
#802 = CARTESIAN_POINT ( 'NONE',  ( -0.1000000000000057400, 0.01999999999999999700, -0.3000000000000000400 ) ) ;
#803 = CARTESIAN_POINT ( 'NONE',  ( 0.09999999999999988100, 0.3028427124746300200, -0.5000000000000000000 ) ) ;
#804 = PRESENTATION_LAYER_ASSIGNMENT (  '', '', ( #476 ) ) ;
#805 = VECTOR ( 'NONE', #1149, 1000.000000000000000 ) ;
#806 =( LENGTH_UNIT ( ) NAMED_UNIT ( * ) SI_UNIT ( .MILLI., .METRE. ) );
#807 = DIRECTION ( 'NONE',  ( 1.000000000000000000, 0.0000000000000000000, -0.0000000000000000000 ) ) ;
#808 = LINE ( 'NONE', #1363, #1558 ) ;
#809 = CARTESIAN_POINT ( 'NONE',  ( 0.1000000000000040700, 0.01999999999999999700, 0.09999999999999993600 ) ) ;
#810 = ORIENTED_EDGE ( 'NONE', *, *, #30, .T. ) ;
#811 = SURFACE_STYLE_FILL_AREA ( #978 ) ;
#812 = CARTESIAN_POINT ( 'NONE',  ( 0.3000000000000004300, 0.0000000000000000000, -0.5000000000000000000 ) ) ;
#813 = PLANE ( 'NONE',  #3163 ) ;
#814 = DIRECTION ( 'NONE',  ( 1.000000000000000000, 0.0000000000000000000, -0.0000000000000000000 ) ) ;
#815 = MANIFOLD_SOLID_BREP ( 'Boss-Extrude2[1]', #1835 ) ;
#816 = CARTESIAN_POINT ( 'NONE',  ( -0.2499999999999999400, 0.1019999999999999900, -0.3300000000000001300 ) ) ;
#817 = ORIENTED_EDGE ( 'NONE', *, *, #744, .F. ) ;
#818 = LINE ( 'NONE', #2806, #150 ) ;
#819 = CARTESIAN_POINT ( 'NONE',  ( 0.1023212946968995300, 0.05500000000000000700, -0.3300000000000001300 ) ) ;
#820 = ORIENTED_EDGE ( 'NONE', *, *, #28, .F. ) ;
#821 = ORIENTED_EDGE ( 'NONE', *, *, #2725, .F. ) ;
#822 = VECTOR ( 'NONE', #698, 1000.000000000000000 ) ;
#823 = VERTEX_POINT ( 'NONE', #259 ) ;
#824 = AXIS2_PLACEMENT_3D ( 'NONE', #2722, #2754, #2764 ) ;
#825 = ORIENTED_EDGE ( 'NONE', *, *, #2248, .T. ) ;
#826 = EDGE_CURVE ( 'NONE', #1478, #433, #776, .T. ) ;
#827 = EDGE_CURVE ( 'NONE', #1807, #584, #2110, .T. ) ;
#828 = VERTEX_POINT ( 'NONE', #3137 ) ;
#829 = DIRECTION ( 'NONE',  ( -0.0000000000000000000, 1.000000000000000000, 0.0000000000000000000 ) ) ;
#830 = VERTEX_POINT ( 'NONE', #694 ) ;
#831 = DIRECTION ( 'NONE',  ( 1.000000000000000000, 0.0000000000000000000, -0.0000000000000000000 ) ) ;
#832 = LINE ( 'NONE', #1819, #2094 ) ;
#833 = EDGE_LOOP ( 'NONE', ( #239, #528, #1755, #2921 ) ) ;
#834 = CARTESIAN_POINT ( 'NONE',  ( 0.2500000000000000600, 0.05500000000000000700, 0.4700000000000000300 ) ) ;
#835 = LINE ( 'NONE', #1070, #2674 ) ;
#836 = CARTESIAN_POINT ( 'NONE',  ( -0.3000000000000051500, 0.01999999999999999700, 0.5000000000000000000 ) ) ;
#837 = VERTEX_POINT ( 'NONE', #203 ) ;
#838 = ORIENTED_EDGE ( 'NONE', *, *, #2133, .F. ) ;
#839 = CARTESIAN_POINT ( 'NONE',  ( -0.09999999999999797900, 0.3028427124746300200, -0.3000000000000000400 ) ) ;
#840 = LINE ( 'NONE', #1536, #75 ) ;
#841 = DIRECTION ( 'NONE',  ( 0.0000000000000000000, 0.0000000000000000000, 1.000000000000000000 ) ) ;
#842 = FACE_OUTER_BOUND ( 'NONE', #2212, .T. ) ;
#843 = AXIS2_PLACEMENT_3D ( 'NONE', #1031, #2590, #314 ) ;
#844 = VECTOR ( 'NONE', #1999, 1000.000000000000000 ) ;
#845 = EDGE_CURVE ( 'NONE', #2729, #2006, #1355, .T. ) ;
#846 = EDGE_CURVE ( 'NONE', #883, #2498, #1451, .T. ) ;
#847 = DIRECTION ( 'NONE',  ( 0.0000000000000000000, -1.000000000000000000, 0.0000000000000000000 ) ) ;
#848 = VERTEX_POINT ( 'NONE', #1442 ) ;
#849 = AXIS2_PLACEMENT_3D ( 'NONE', #1283, #13, #1788 ) ;
#850 = EDGE_LOOP ( 'NONE', ( #1540, #1346, #543, #613 ) ) ;
#851 = AXIS2_PLACEMENT_3D ( 'NONE', #2503, #2741, #1262 ) ;
#852 = CARTESIAN_POINT ( 'NONE',  ( -0.2499999999999999400, 0.1019999999999999900, 0.3300000000000000200 ) ) ;
#853 = CARTESIAN_POINT ( 'NONE',  ( 0.1000000000000082500, 0.3028427124746300200, 0.5000000000000000000 ) ) ;
#854 = DIRECTION ( 'NONE',  ( -0.0000000000000000000, 1.000000000000000000, 0.0000000000000000000 ) ) ;
#855 = CARTESIAN_POINT ( 'NONE',  ( -0.2499999999999999400, 0.05500000000000000700, -0.3300000000000001300 ) ) ;
#856 = DIRECTION ( 'NONE',  ( 0.0000000000000000000, -0.0000000000000000000, -1.000000000000000000 ) ) ;
#857 = CARTESIAN_POINT ( 'NONE',  ( -0.3000000000000134200, 0.01999999999999999700, -0.3000000000000000400 ) ) ;
#858 = ORIENTED_EDGE ( 'NONE', *, *, #2626, .F. ) ;
#859 = ORIENTED_EDGE ( 'NONE', *, *, #1123, .T. ) ;
#860 = ORIENTED_EDGE ( 'NONE', *, *, #532, .T. ) ;
#861 = DIRECTION ( 'NONE',  ( 0.0000000000000000000, 1.000000000000000000, 0.0000000000000000000 ) ) ;
#862 = VECTOR ( 'NONE', #754, 1000.000000000000000 ) ;
#863 = VERTEX_POINT ( 'NONE', #1196 ) ;
#864 = EDGE_CURVE ( 'NONE', #1040, #2118, #1955, .T. ) ;
#865 = CARTESIAN_POINT ( 'NONE',  ( -0.09999999999998963900, 0.01999999999999999700, 0.5000000000000000000 ) ) ;
#866 = EDGE_CURVE ( 'NONE', #2605, #1026, #2029, .T. ) ;
#867 = DIRECTION ( 'NONE',  ( -0.0000000000000000000, -1.000000000000000000, -0.0000000000000000000 ) ) ;
#868 = VECTOR ( 'NONE', #2396, 1000.000000000000000 ) ;
#869 = DIRECTION ( 'NONE',  ( -1.000000000000000000, 0.0000000000000000000, 0.0000000000000000000 ) ) ;
#870 = ADVANCED_FACE ( 'NONE', ( #9 ), #67, .T. ) ;
#871 = CARTESIAN_POINT ( 'NONE',  ( -0.09999999999999739700, 0.01999999999999999700, 0.5000000000000000000 ) ) ;
#872 = ORIENTED_EDGE ( 'NONE', *, *, #1471, .F. ) ;
#873 = CARTESIAN_POINT ( 'NONE',  ( -0.09999999999999383000, 0.01999999999999999700, 0.09999999999999999200 ) ) ;
#874 = CARTESIAN_POINT ( 'NONE',  ( -0.2499999999999999400, 0.05500000000000000700, 0.3300000000000000200 ) ) ;
#875 = CARTESIAN_POINT ( 'NONE',  ( -0.1000000000000096100, 0.0000000000000000000, -0.5000000000000000000 ) ) ;
#876 = AXIS2_PLACEMENT_3D ( 'NONE', #504, #362, #439 ) ;
#877 = ORIENTED_EDGE ( 'NONE', *, *, #2358, .T. ) ;
#878 = CARTESIAN_POINT ( 'NONE',  ( 0.3500000000000000300, 0.0000000000000000000, 0.0000000000000000000 ) ) ;
#879 = LINE ( 'NONE', #1680, #2779 ) ;
#880 = DIRECTION ( 'NONE',  ( 0.0000000000000000000, 0.0000000000000000000, 1.000000000000000000 ) ) ;
#881 = LINE ( 'NONE', #546, #2781 ) ;
#882 = EDGE_LOOP ( 'NONE', ( #682, #2845, #1607, #405 ) ) ;
#883 = VERTEX_POINT ( 'NONE', #1723 ) ;
#884 = DIRECTION ( 'NONE',  ( -1.000000000000000000, 0.0000000000000000000, -0.0000000000000000000 ) ) ;
#885 = LINE ( 'NONE', #575, #2230 ) ;
#886 = ORIENTED_EDGE ( 'NONE', *, *, #864, .T. ) ;
#887 = DIRECTION ( 'NONE',  ( -1.000000000000000000, -0.0000000000000000000, 0.0000000000000000000 ) ) ;
#888 = DIRECTION ( 'NONE',  ( 0.0000000000000000000, 0.0000000000000000000, 1.000000000000000000 ) ) ;
#889 = DIRECTION ( 'NONE',  ( -0.0000000000000000000, -1.000000000000000000, 0.0000000000000000000 ) ) ;
#890 = ORIENTED_EDGE ( 'NONE', *, *, #238, .T. ) ;
#891 = VECTOR ( 'NONE', #91, 1000.000000000000000 ) ;
#892 = CARTESIAN_POINT ( 'NONE',  ( -0.1023212946968994200, 0.1019999999999999900, 0.4700000000000000300 ) ) ;
#893 = CARTESIAN_POINT ( 'NONE',  ( 0.3500000000000000300, 0.1019999999999999900, 0.4700000000000000300 ) ) ;
#894 = FACE_OUTER_BOUND ( 'NONE', #1105, .T. ) ;
#895 = DIRECTION ( 'NONE',  ( -0.0000000000000000000, -1.000000000000000000, 0.0000000000000000000 ) ) ;
#896 = CARTESIAN_POINT ( 'NONE',  ( -0.09999999999999383000, 0.3028427124746300200, 0.09999999999999999200 ) ) ;
#897 = PRESENTATION_LAYER_ASSIGNMENT (  '', '', ( #551 ) ) ;
#898 = EDGE_CURVE ( 'NONE', #155, #963, #2533, .T. ) ;
#899 = EDGE_CURVE ( 'NONE', #677, #1226, #601, .T. ) ;
#900 = FACE_OUTER_BOUND ( 'NONE', #1336, .T. ) ;
#901 = CIRCLE ( 'NONE', #2324, 0.05000000000000002400 ) ;
#902 = CARTESIAN_POINT ( 'NONE',  ( -0.3000000000000051500, 0.0000000000000000000, 0.5000000000000000000 ) ) ;
#903 = VERTEX_POINT ( 'NONE', #162 ) ;
#904 = CARTESIAN_POINT ( 'NONE',  ( 0.1000000000000082500, 0.01999999999999999700, 0.5000000000000000000 ) ) ;
#905 = ADVANCED_FACE ( 'NONE', ( #2456 ), #201, .T. ) ;
#906 = CARTESIAN_POINT ( 'NONE',  ( 0.2500000000000000600, 0.1019999999999999900, -0.4700000000000001400 ) ) ;
#907 = VECTOR ( 'NONE', #1057, 1000.000000000000000 ) ;
#908 = APPLICATION_CONTEXT ( 'automotive_design' ) ;
#909 = EDGE_LOOP ( 'NONE', ( #489, #1742, #2031, #2579 ) ) ;
#910 = ORIENTED_EDGE ( 'NONE', *, *, #2357, .F. ) ;
#911 = ORIENTED_EDGE ( 'NONE', *, *, #3033, .T. ) ;
#912 = PLANE ( 'NONE',  #3121 ) ;
#913 = DIRECTION ( 'NONE',  ( 1.000000000000000000, 0.0000000000000000000, 0.0000000000000000000 ) ) ;
#914 = EDGE_LOOP ( 'NONE', ( #2310, #2390, #1944, #2987 ) ) ;
#915 = EDGE_CURVE ( 'NONE', #1181, #1570, #1868, .T. ) ;
#916 = DIRECTION ( 'NONE',  ( 0.0000000000000000000, 1.000000000000000000, 0.0000000000000000000 ) ) ;
#917 = EDGE_CURVE ( 'NONE', #2123, #713, #1792, .T. ) ;
#918 = CARTESIAN_POINT ( 'NONE',  ( 0.2500000000000000600, 0.05500000000000000700, -0.07000000000000007600 ) ) ;
#919 = VECTOR ( 'NONE', #1833, 1000.000000000000000 ) ;
#920 = AXIS2_PLACEMENT_3D ( 'NONE', #1397, #930, #668 ) ;
#921 = CARTESIAN_POINT ( 'NONE',  ( -0.3499999999999999200, 0.05499999999999998600, 0.06999999999999996500 ) ) ;
#922 = PRESENTATION_LAYER_ASSIGNMENT (  '', '', ( #748 ) ) ;
#923 = EDGE_LOOP ( 'NONE', ( #126, #1063, #425, #523 ) ) ;
#924 = LINE ( 'NONE', #855, #997 ) ;
#925 = DIRECTION ( 'NONE',  ( -0.0000000000000000000, 0.0000000000000000000, 1.000000000000000000 ) ) ;
#926 = ADVANCED_FACE ( 'NONE', ( #1213 ), #332, .F. ) ;
#927 = EDGE_LOOP ( 'NONE', ( #747, #637, #97, #716 ) ) ;
#928 = ORIENTED_EDGE ( 'NONE', *, *, #629, .F. ) ;
#929 = UNCERTAINTY_MEASURE_WITH_UNIT (LENGTH_MEASURE( 1.000000000000000100E-005 ), #806, 'distance_accuracy_value', 'NONE');
#930 = DIRECTION ( 'NONE',  ( 0.0000000000000000000, 0.0000000000000000000, -1.000000000000000000 ) ) ;
#931 = VECTOR ( 'NONE', #1528, 1000.000000000000000 ) ;
#932 = DIRECTION ( 'NONE',  ( 0.0000000000000000000, -0.0000000000000000000, 1.000000000000000000 ) ) ;
#933 = CARTESIAN_POINT ( 'NONE',  ( 0.0000000000000000000, 0.0000000000000000000, 0.3000000000000000400 ) ) ;
#934 = VECTOR ( 'NONE', #1647, 1000.000000000000000 ) ;
#935 = CARTESIAN_POINT ( 'NONE',  ( -0.2499999999999999400, 0.05500000000000000700, 0.3300000000000000200 ) ) ;
#936 = EDGE_CURVE ( 'NONE', #96, #3019, #2379, .T. ) ;
#937 = DIRECTION ( 'NONE',  ( 0.0000000000000000000, -0.0000000000000000000, 1.000000000000000000 ) ) ;
#938 = FACE_OUTER_BOUND ( 'NONE', #2040, .T. ) ;
#939 = FILL_AREA_STYLE ('',( #1940 ) ) ;
#940 = ADVANCED_FACE ( 'NONE', ( #369 ), #396, .T. ) ;
#941 = CARTESIAN_POINT ( 'NONE',  ( -0.2499999999999999400, 0.05500000000000000700, 0.3300000000000000200 ) ) ;
#942 = VERTEX_POINT ( 'NONE', #370 ) ;
#943 = CARTESIAN_POINT ( 'NONE',  ( 0.3500000000000000300, 0.05500000000000000700, -0.07000000000000007600 ) ) ;
#944 = EDGE_LOOP ( 'NONE', ( #1753, #2559, #745, #228 ) ) ;
#945 = ORIENTED_EDGE ( 'NONE', *, *, #1350, .T. ) ;
#946 = VECTOR ( 'NONE', #995, 1000.000000000000000 ) ;
#947 = ORIENTED_EDGE ( 'NONE', *, *, #498, .T. ) ;
#948 = ORIENTED_EDGE ( 'NONE', *, *, #1171, .F. ) ;
#949 = CARTESIAN_POINT ( 'NONE',  ( 0.1023212946968995300, 0.05500000000000000700, 0.4700000000000000300 ) ) ;
#950 = ADVANCED_FACE ( 'NONE', ( #2949 ), #459, .T. ) ;
#951 = SHAPE_DEFINITION_REPRESENTATION ( #758, #2755 ) ;
#952 = ORIENTED_EDGE ( 'NONE', *, *, #3210, .F. ) ;
#953 = EDGE_CURVE ( 'NONE', #1570, #526, #1721, .T. ) ;
#954 = LINE ( 'NONE', #1183, #277 ) ;
#955 = EDGE_CURVE ( 'NONE', #2609, #2772, #2307, .T. ) ;
#956 = LINE ( 'NONE', #458, #2854 ) ;
#957 = DIRECTION ( 'NONE',  ( 0.0000000000000000000, 0.0000000000000000000, 1.000000000000000000 ) ) ;
#958 = EDGE_LOOP ( 'NONE', ( #428, #1547, #820, #1185 ) ) ;
#959 = CLOSED_SHELL ( 'NONE', ( #1779, #2920, #2637, #2908, #1891, #3077 ) ) ;
#960 = CARTESIAN_POINT ( 'NONE',  ( -0.3499999999999999200, 0.02000000000000003900, -0.5500000000000000400 ) ) ;
#961 = AXIS2_PLACEMENT_3D ( 'NONE', #3030, #578, #2345 ) ;
#962 = LINE ( 'NONE', #2575, #2298 ) ;
#963 = VERTEX_POINT ( 'NONE', #632 ) ;
#964 = CARTESIAN_POINT ( 'NONE',  ( 0.0000000000000000000, 0.0000000000000000000, -0.5000000000000000000 ) ) ;
#965 = CARTESIAN_POINT ( 'NONE',  ( 0.3000000000000020400, 0.3028427124746300200, -0.3000000000000000400 ) ) ;
#966 = FACE_OUTER_BOUND ( 'NONE', #1458, .T. ) ;
#967 = COLOUR_RGB ( '',1.000000000000000000, 0.8117647058823529400, 0.5019607843137254800 ) ;
#968 = CARTESIAN_POINT ( 'NONE',  ( -0.3499999999999999200, 0.1019999999999999900, 0.0000000000000000000 ) ) ;
#969 = ADVANCED_FACE ( 'NONE', ( #2868 ), #685, .T. ) ;
#970 = VECTOR ( 'NONE', #645, 1000.000000000000000 ) ;
#971 = DIRECTION ( 'NONE',  ( -1.000000000000000000, -0.0000000000000000000, 0.0000000000000000000 ) ) ;
#972 = VECTOR ( 'NONE', #137, 1000.000000000000000 ) ;
#973 = CARTESIAN_POINT ( 'NONE',  ( -0.2299999999999999500, 0.4000000000000000200, -0.4300000000000000500 ) ) ;
#974 = CARTESIAN_POINT ( 'NONE',  ( -0.2499999999999999400, 0.05500000000000000700, -0.4700000000000001400 ) ) ;
#975 = AXIS2_PLACEMENT_3D ( 'NONE', #1673, #2410, #651 ) ;
#976 = EDGE_CURVE ( 'NONE', #830, #393, #2240, .T. ) ;
#977 = LINE ( 'NONE', #2370, #2876 ) ;
#978 = FILL_AREA_STYLE ('',( #3195 ) ) ;
#979 = MECHANICAL_DESIGN_GEOMETRIC_PRESENTATION_REPRESENTATION (  '', ( #476 ), #1152 ) ;
#980 = CARTESIAN_POINT ( 'NONE',  ( 0.3500000000000000300, 0.05500000000000000700, 0.0000000000000000000 ) ) ;
#981 = ORIENTED_EDGE ( 'NONE', *, *, #238, .F. ) ;
#982 = VERTEX_POINT ( 'NONE', #739 ) ;
#983 = CARTESIAN_POINT ( 'NONE',  ( -0.2299999999999999500, 0.4000000000000000200, -0.4800000000000000900 ) ) ;
#984 = ORIENTED_EDGE ( 'NONE', *, *, #845, .F. ) ;
#985 = LINE ( 'NONE', #803, #907 ) ;
#986 = VERTEX_POINT ( 'NONE', #669 ) ;
#987 = VERTEX_POINT ( 'NONE', #812 ) ;
#988 =( NAMED_UNIT ( * ) SI_UNIT ( $, .STERADIAN. ) SOLID_ANGLE_UNIT ( ) );
#989 = ADVANCED_FACE ( 'NONE', ( #894 ), #709, .F. ) ;
#990 = ORIENTED_EDGE ( 'NONE', *, *, #2047, .T. ) ;
#991 = DIRECTION ( 'NONE',  ( 0.0000000000000000000, 1.000000000000000000, 0.0000000000000000000 ) ) ;
#992 = DIRECTION ( 'NONE',  ( 0.0000000000000000000, -0.0000000000000000000, -1.000000000000000000 ) ) ;
#993 = VECTOR ( 'NONE', #1675, 1000.000000000000000 ) ;
#994 = DIRECTION ( 'NONE',  ( -2.710505431213552000E-016, 0.0000000000000000000, -1.000000000000000000 ) ) ;
#995 = DIRECTION ( 'NONE',  ( -1.000000000000000000, -0.0000000000000000000, -0.0000000000000000000 ) ) ;
#996 = VERTEX_POINT ( 'NONE', #802 ) ;
#997 = VECTOR ( 'NONE', #814, 1000.000000000000000 ) ;
#998 = PRESENTATION_LAYER_ASSIGNMENT (  '', '', ( #655 ) ) ;
#999 = EDGE_CURVE ( 'NONE', #2291, #708, #1641, .T. ) ;
#1000 = ORIENTED_EDGE ( 'NONE', *, *, #2626, .T. ) ;
#1001 = EDGE_CURVE ( 'NONE', #1435, #3086, #1555, .T. ) ;
#1002 = ORIENTED_EDGE ( 'NONE', *, *, #293, .F. ) ;
#1003 = CARTESIAN_POINT ( 'NONE',  ( -0.3499999999999999200, 0.05499999999999998600, 0.3300000000000000200 ) ) ;
#1004 = ADVANCED_FACE ( 'NONE', ( #225 ), #1013, .T. ) ;
#1005 = LINE ( 'NONE', #1148, #2906 ) ;
#1006 = VECTOR ( 'NONE', #1637, 1000.000000000000000 ) ;
#1007 = ORIENTED_EDGE ( 'NONE', *, *, #309, .F. ) ;
#1008 = SURFACE_STYLE_FILL_AREA ( #2530 ) ;
#1009 = DIRECTION ( 'NONE',  ( 0.0000000000000000000, -1.000000000000000000, -0.0000000000000000000 ) ) ;
#1010 = ORIENTED_EDGE ( 'NONE', *, *, #2744, .F. ) ;
#1011 = VECTOR ( 'NONE', #2658, 1000.000000000000000 ) ;
#1012 = CARTESIAN_POINT ( 'NONE',  ( 0.3000000000000082000, 0.0000000000000000000, 0.3000000000000000400 ) ) ;
#1013 = PLANE ( 'NONE',  #378 ) ;
#1014 = DIRECTION ( 'NONE',  ( 0.0000000000000000000, 1.000000000000000000, 0.0000000000000000000 ) ) ;
#1015 = ADVANCED_FACE ( 'NONE', ( #2153 ), #1083, .F. ) ;
#1016 = AXIS2_PLACEMENT_3D ( 'NONE', #577, #1075, #1565 ) ;
#1017 = EDGE_CURVE ( 'NONE', #1735, #1807, #2719, .T. ) ;
#1018 = EDGE_CURVE ( 'NONE', #721, #1022, #1494, .T. ) ;
#1019 = EDGE_LOOP ( 'NONE', ( #1102, #3107, #234, #3042 ) ) ;
#1020 = DIRECTION ( 'NONE',  ( -1.000000000000000000, 0.0000000000000000000, 7.758821796849392400E-014 ) ) ;
#1021 = ORIENTED_EDGE ( 'NONE', *, *, #1583, .F. ) ;
#1022 = VERTEX_POINT ( 'NONE', #1222 ) ;
#1023 = PLANE ( 'NONE',  #2487 ) ;
#1024 = UNCERTAINTY_MEASURE_WITH_UNIT (LENGTH_MEASURE( 1.000000000000000100E-005 ), #3039, 'distance_accuracy_value', 'NONE');
#1025 = ORIENTED_EDGE ( 'NONE', *, *, #406, .T. ) ;
#1026 = VERTEX_POINT ( 'NONE', #1099 ) ;
#1027 = PLANE ( 'NONE',  #1855 ) ;
#1028 = VERTEX_POINT ( 'NONE', #1208 ) ;
#1029 = FACE_OUTER_BOUND ( 'NONE', #269, .T. ) ;
#1030 = PLANE ( 'NONE',  #849 ) ;
#1031 = CARTESIAN_POINT ( 'NONE',  ( 0.2500000000000000600, 0.1019999999999999900, 0.4700000000000000300 ) ) ;
#1032 = VECTOR ( 'NONE', #2197, 1000.000000000000000 ) ;
#1033 = DIRECTION ( 'NONE',  ( 0.0000000000000000000, 0.0000000000000000000, 1.000000000000000000 ) ) ;
#1034 = VECTOR ( 'NONE', #60, 1000.000000000000000 ) ;
#1035 = ORIENTED_EDGE ( 'NONE', *, *, #3193, .F. ) ;
#1036 = EDGE_CURVE ( 'NONE', #119, #2123, #732, .T. ) ;
#1037 = EDGE_CURVE ( 'NONE', #2621, #2387, #42, .T. ) ;
#1038 = EDGE_LOOP ( 'NONE', ( #2251, #2840, #2527, #2255 ) ) ;
#1039 = DIRECTION ( 'NONE',  ( 0.0000000000000000000, 1.000000000000000000, 0.0000000000000000000 ) ) ;
#1040 = VERTEX_POINT ( 'NONE', #1337 ) ;
#1041 = STYLED_ITEM ( 'NONE', ( #1303 ), #1888 ) ;
#1042 = DIRECTION ( 'NONE',  ( -0.0000000000000000000, -1.000000000000000000, -0.0000000000000000000 ) ) ;
#1043 = VECTOR ( 'NONE', #2832, 1000.000000000000000 ) ;
#1044 = CARTESIAN_POINT ( 'NONE',  ( 0.2500000000000000600, 0.1019999999999999900, 0.06999999999999996500 ) ) ;
#1045 = LINE ( 'NONE', #2818, #1718 ) ;
#1046 = VECTOR ( 'NONE', #483, 1000.000000000000000 ) ;
#1047 = CARTESIAN_POINT ( 'NONE',  ( 0.2500000000000000600, 0.1019999999999999900, 0.3300000000000000200 ) ) ;
#1048 = DIRECTION ( 'NONE',  ( 1.000000000000000000, -0.0000000000000000000, -2.710505431213552000E-016 ) ) ;
#1049 = VECTOR ( 'NONE', #1107, 1000.000000000000000 ) ;
#1050 = CARTESIAN_POINT ( 'NONE',  ( -0.1023212946968994200, 0.05500000000000000700, 0.4700000000000000300 ) ) ;
#1051 = LINE ( 'NONE', #2273, #2956 ) ;
#1052 = CARTESIAN_POINT ( 'NONE',  ( 0.3000000000000040400, 0.3028427124746300200, 0.09999999999999993600 ) ) ;
#1053 = DIRECTION ( 'NONE',  ( -0.0000000000000000000, -1.000000000000000000, -0.0000000000000000000 ) ) ;
#1054 = ORIENTED_EDGE ( 'NONE', *, *, #1906, .F. ) ;
#1055 = CARTESIAN_POINT ( 'NONE',  ( -0.3000000000000134200, 0.3028427124746300200, -0.2999999999999999900 ) ) ;
#1056 = VERTEX_POINT ( 'NONE', #1358 ) ;
#1057 = DIRECTION ( 'NONE',  ( 0.0000000000000000000, 1.000000000000000000, 0.0000000000000000000 ) ) ;
#1058 = CARTESIAN_POINT ( 'NONE',  ( 0.3500000000000000300, 0.05499999999999992400, 0.5500000000000000400 ) ) ;
#1059 = MECHANICAL_DESIGN_GEOMETRIC_PRESENTATION_REPRESENTATION (  '', ( #551 ), #1229 ) ;
#1060 = EDGE_CURVE ( 'NONE', #526, #1, #2068, .T. ) ;
#1061 = EDGE_CURVE ( 'NONE', #1366, #2265, #647, .T. ) ;
#1062 = LINE ( 'NONE', #26, #302 ) ;
#1063 = ORIENTED_EDGE ( 'NONE', *, *, #175, .F. ) ;
#1064 = MANIFOLD_SOLID_BREP ( 'Boss-Extrude2[5]', #2634 ) ;
#1065 =( NAMED_UNIT ( * ) SI_UNIT ( $, .STERADIAN. ) SOLID_ANGLE_UNIT ( ) );
#1066 = SURFACE_STYLE_FILL_AREA ( #2682 ) ;
#1067 = DIRECTION ( 'NONE',  ( 0.0000000000000000000, 1.000000000000000000, 0.0000000000000000000 ) ) ;
#1068 = ORIENTED_EDGE ( 'NONE', *, *, #2912, .T. ) ;
#1069 = CARTESIAN_POINT ( 'NONE',  ( 0.3500000000000000300, 2.103840481040530000, -0.3300000000000001300 ) ) ;
#1070 = CARTESIAN_POINT ( 'NONE',  ( -0.2499999999999999400, 0.1019999999999999900, -0.4700000000000001400 ) ) ;
#1071 = DIRECTION ( 'NONE',  ( 0.0000000000000000000, -0.0000000000000000000, 1.000000000000000000 ) ) ;
#1072 = VECTOR ( 'NONE', #2992, 1000.000000000000000 ) ;
#1073 = CARTESIAN_POINT ( 'NONE',  ( 0.2500000000000000600, 0.05500000000000000700, -0.3300000000000001300 ) ) ;
#1074 = VERTEX_POINT ( 'NONE', #1382 ) ;
#1075 = DIRECTION ( 'NONE',  ( 0.0000000000000000000, 1.000000000000000000, 0.0000000000000000000 ) ) ;
#1076 = LINE ( 'NONE', #1663, #1902 ) ;
#1077 = CARTESIAN_POINT ( 'NONE',  ( 0.3500000000000000300, 2.103840481040530000, -0.07000000000000007600 ) ) ;
#1078 = ORIENTED_EDGE ( 'NONE', *, *, #1349, .T. ) ;
#1079 = AXIS2_PLACEMENT_3D ( 'NONE', #2688, #435, #2193 ) ;
#1080 = LINE ( 'NONE', #674, #2976 ) ;
#1081 = EDGE_CURVE ( 'NONE', #757, #1435, #1681, .T. ) ;
#1082 = EDGE_CURVE ( 'NONE', #2101, #1466, #2342, .T. ) ;
#1083 = PLANE ( 'NONE',  #723 ) ;
#1084 = FILL_AREA_STYLE ('',( #2574 ) ) ;
#1085 = STYLED_ITEM ( 'NONE', ( #1489 ), #2243 ) ;
#1086 = MECHANICAL_DESIGN_GEOMETRIC_PRESENTATION_REPRESENTATION (  '', ( #748 ), #1257 ) ;
#1087 = LINE ( 'NONE', #1394, #1685 ) ;
#1088 = PLANE ( 'NONE',  #920 ) ;
#1089 = ORIENTED_EDGE ( 'NONE', *, *, #532, .F. ) ;
#1090 = DIRECTION ( 'NONE',  ( -1.355252715606881000E-016, 0.0000000000000000000, -1.000000000000000000 ) ) ;
#1091 = FACE_OUTER_BOUND ( 'NONE', #850, .T. ) ;
#1092 = DIRECTION ( 'NONE',  ( -1.000000000000000000, 0.0000000000000000000, 2.710505431213552000E-016 ) ) ;
#1093 = DIRECTION ( 'NONE',  ( -0.0000000000000000000, -1.000000000000000000, -0.0000000000000000000 ) ) ;
#1094 = DIRECTION ( 'NONE',  ( 0.0000000000000000000, -1.000000000000000000, 0.0000000000000000000 ) ) ;
#1095 = EDGE_CURVE ( 'NONE', #1293, #2247, #2979, .T. ) ;
#1096 = PLANE ( 'NONE',  #3054 ) ;
#1097 = CARTESIAN_POINT ( 'NONE',  ( -0.2499999999999999400, 0.1019999999999999900, 0.4700000000000000300 ) ) ;
#1098 = ORIENTED_EDGE ( 'NONE', *, *, #2996, .T. ) ;
#1099 = CARTESIAN_POINT ( 'NONE',  ( -0.3499999999999999200, 0.1019999999999999900, 0.4700000000000000300 ) ) ;
#1100 = DIRECTION ( 'NONE',  ( -0.0000000000000000000, -0.0000000000000000000, 1.000000000000000000 ) ) ;
#1101 = ORIENTED_EDGE ( 'NONE', *, *, #2581, .T. ) ;
#1102 = ORIENTED_EDGE ( 'NONE', *, *, #568, .F. ) ;
#1103 = AXIS2_PLACEMENT_3D ( 'NONE', #1133, #1258, #1326 ) ;
#1104 = ORIENTED_EDGE ( 'NONE', *, *, #3032, .F. ) ;
#1105 = EDGE_LOOP ( 'NONE', ( #2788, #2511, #2549, #594 ) ) ;
#1106 = DIRECTION ( 'NONE',  ( 0.0000000000000000000, -1.000000000000000000, -0.0000000000000000000 ) ) ;
#1107 = DIRECTION ( 'NONE',  ( -1.000000000000000000, -0.0000000000000000000, 0.0000000000000000000 ) ) ;
#1108 = FACE_OUTER_BOUND ( 'NONE', #2924, .T. ) ;
#1109 = DIRECTION ( 'NONE',  ( 0.0000000000000000000, 0.0000000000000000000, -1.000000000000000000 ) ) ;
#1110 = DIRECTION ( 'NONE',  ( 0.0000000000000000000, 1.000000000000000000, 0.0000000000000000000 ) ) ;
#1111 = ORIENTED_EDGE ( 'NONE', *, *, #1124, .F. ) ;
#1112 = VECTOR ( 'NONE', #322, 1000.000000000000000 ) ;
#1113 = CARTESIAN_POINT ( 'NONE',  ( 0.3000000000000014900, 0.01999999999999999700, -0.3000000000000000400 ) ) ;
#1114 = ORIENTED_EDGE ( 'NONE', *, *, #2787, .F. ) ;
#1115 = ORIENTED_EDGE ( 'NONE', *, *, #2686, .T. ) ;
#1116 = ORIENTED_EDGE ( 'NONE', *, *, #699, .T. ) ;
#1117 = DIRECTION ( 'NONE',  ( 0.0000000000000000000, 0.0000000000000000000, 1.000000000000000000 ) ) ;
#1118 = DIRECTION ( 'NONE',  ( 1.000000000000000000, 0.0000000000000000000, -0.0000000000000000000 ) ) ;
#1119 = LINE ( 'NONE', #2780, #453 ) ;
#1120 = CARTESIAN_POINT ( 'NONE',  ( -0.1023212946968994200, 0.1019999999999999900, -0.07000000000000007600 ) ) ;
#1121 = DIRECTION ( 'NONE',  ( 0.0000000000000000000, 0.0000000000000000000, -1.000000000000000000 ) ) ;
#1122 = LINE ( 'NONE', #2628, #3155 ) ;
#1123 = EDGE_CURVE ( 'NONE', #2748, #61, #324, .T. ) ;
#1124 = EDGE_CURVE ( 'NONE', #2941, #2586, #1596, .T. ) ;
#1125 = DIRECTION ( 'NONE',  ( 0.0000000000000000000, -0.0000000000000000000, -1.000000000000000000 ) ) ;
#1126 = PLANE ( 'NONE',  #1103 ) ;
#1127 = VECTOR ( 'NONE', #767, 1000.000000000000000 ) ;
#1128 = AXIS2_PLACEMENT_3D ( 'NONE', #1640, #1884, #371 ) ;
#1129 = DIRECTION ( 'NONE',  ( -1.000000000000000000, 0.0000000000000000000, 0.0000000000000000000 ) ) ;
#1130 = LINE ( 'NONE', #2630, #463 ) ;
#1131 = PRODUCT ( 'BGS12P2L6E6327XTSA1', 'BGS12P2L6E6327XTSA1', '', ( #2176 ) ) ;
#1132 = DIRECTION ( 'NONE',  ( -0.0000000000000000000, -1.000000000000000000, 0.0000000000000000000 ) ) ;
#1133 = CARTESIAN_POINT ( 'NONE',  ( 0.1000000000000082500, 0.3028427124746300200, 0.5000000000000000000 ) ) ;
#1134 = FACE_OUTER_BOUND ( 'NONE', #2561, .T. ) ;
#1135 = DIRECTION ( 'NONE',  ( 0.0000000000000000000, 0.0000000000000000000, 1.000000000000000000 ) ) ;
#1136 = CARTESIAN_POINT ( 'NONE',  ( -0.3499999999999999200, 2.103840481040530000, -0.4700000000000000300 ) ) ;
#1137 = DIRECTION ( 'NONE',  ( -1.000000000000000000, -0.0000000000000000000, 0.0000000000000000000 ) ) ;
#1138 = CARTESIAN_POINT ( 'NONE',  ( 0.3500000000000000300, 2.103840481040530000, -0.5500000000000000400 ) ) ;
#1139 = ORIENTED_EDGE ( 'NONE', *, *, #2969, .F. ) ;
#1140 = ORIENTED_EDGE ( 'NONE', *, *, #2892, .F. ) ;
#1141 = ORIENTED_EDGE ( 'NONE', *, *, #1603, .T. ) ;
#1142 =( NAMED_UNIT ( * ) SI_UNIT ( $, .STERADIAN. ) SOLID_ANGLE_UNIT ( ) );
#1143 = ORIENTED_EDGE ( 'NONE', *, *, #2404, .F. ) ;
#1144 = EDGE_CURVE ( 'NONE', #2782, #285, #2910, .T. ) ;
#1145 = VECTOR ( 'NONE', #2675, 1000.000000000000000 ) ;
#1146 = EDGE_LOOP ( 'NONE', ( #2815, #2900, #1374, #1744 ) ) ;
#1147 = CARTESIAN_POINT ( 'NONE',  ( -0.3499999999999999200, 0.05500000000000000700, 0.3300000000000000200 ) ) ;
#1148 = CARTESIAN_POINT ( 'NONE',  ( -0.2499999999999999400, 0.1019999999999999900, -0.07000000000000007600 ) ) ;
#1149 = DIRECTION ( 'NONE',  ( -0.0000000000000000000, 1.000000000000000000, 0.0000000000000000000 ) ) ;
#1150 = DIRECTION ( 'NONE',  ( 0.0000000000000000000, -0.0000000000000000000, 1.000000000000000000 ) ) ;
#1151 = DIRECTION ( 'NONE',  ( 0.0000000000000000000, 0.0000000000000000000, 1.000000000000000000 ) ) ;
#1152 =( GEOMETRIC_REPRESENTATION_CONTEXT ( 3 ) GLOBAL_UNCERTAINTY_ASSIGNED_CONTEXT ( ( #2427 ) ) GLOBAL_UNIT_ASSIGNED_CONTEXT ( ( #1915, #1921, #1926 ) ) REPRESENTATION_CONTEXT ( 'NONE', 'WORKASPACE' ) );
#1153 = CARTESIAN_POINT ( 'NONE',  ( -0.2499999999999999400, 0.05500000000000000700, -0.3300000000000001300 ) ) ;
#1154 = ADVANCED_FACE ( 'NONE', ( #2192 ), #1849, .T. ) ;
#1155 = LINE ( 'NONE', #2555, #2484 ) ;
#1156 = DIRECTION ( 'NONE',  ( 0.0000000000000000000, 0.0000000000000000000, 1.000000000000000000 ) ) ;
#1157 = CARTESIAN_POINT ( 'NONE',  ( 0.2500000000000000600, 0.0000000000000000000, 0.0000000000000000000 ) ) ;
#1158 = ORIENTED_EDGE ( 'NONE', *, *, #510, .F. ) ;
#1159 = DIRECTION ( 'NONE',  ( -0.0000000000000000000, -0.0000000000000000000, -1.000000000000000000 ) ) ;
#1160 = VECTOR ( 'NONE', #1771, 1000.000000000000000 ) ;
#1161 = CARTESIAN_POINT ( 'NONE',  ( 0.1000000000000040400, 0.3028427124746300200, -0.09999999999999999200 ) ) ;
#1162 = VERTEX_POINT ( 'NONE', #1738 ) ;
#1163 = SURFACE_SIDE_STYLE ('',( #2702 ) ) ;
#1164 = LINE ( 'NONE', #1069, #1758 ) ;
#1165 = DIRECTION ( 'NONE',  ( -1.000000000000000000, 0.0000000000000000000, -0.0000000000000000000 ) ) ;
#1166 = DIRECTION ( 'NONE',  ( 1.000000000000000000, -0.0000000000000000000, 0.0000000000000000000 ) ) ;
#1167 = CARTESIAN_POINT ( 'NONE',  ( -0.09999999999999796600, 0.0000000000000000000, 0.0000000000000000000 ) ) ;
#1168 = MECHANICAL_DESIGN_GEOMETRIC_PRESENTATION_REPRESENTATION (  '', ( #655 ), #1327 ) ;
#1169 = ADVANCED_FACE ( 'NONE', ( #256 ), #1908, .T. ) ;
#1170 = EDGE_CURVE ( 'NONE', #1056, #1972, #2105, .T. ) ;
#1171 = EDGE_CURVE ( 'NONE', #525, #2609, #2757, .T. ) ;
#1172 = PRESENTATION_STYLE_ASSIGNMENT (( #2877 ) ) ;
#1173 = LINE ( 'NONE', #680, #2348 ) ;
#1174 = ORIENTED_EDGE ( 'NONE', *, *, #2744, .T. ) ;
#1175 = ORIENTED_EDGE ( 'NONE', *, *, #125, .T. ) ;
#1176 = ORIENTED_EDGE ( 'NONE', *, *, #724, .F. ) ;
#1177 = CARTESIAN_POINT ( 'NONE',  ( -0.3000000000000052100, 0.3028427124746300200, 0.3000000000000001600 ) ) ;
#1178 = DIRECTION ( 'NONE',  ( -1.000000000000000000, 0.0000000000000000000, -0.0000000000000000000 ) ) ;
#1179 = ORIENTED_EDGE ( 'NONE', *, *, #309, .T. ) ;
#1180 = DIRECTION ( 'NONE',  ( -1.000000000000000000, -0.0000000000000000000, 0.0000000000000000000 ) ) ;
#1181 = VERTEX_POINT ( 'NONE', #1962 ) ;
#1182 = DIRECTION ( 'NONE',  ( -0.0000000000000000000, -0.0000000000000000000, -1.000000000000000000 ) ) ;
#1183 = CARTESIAN_POINT ( 'NONE',  ( 0.1023212946968995300, 0.05500000000000000700, 0.4700000000000000300 ) ) ;
#1184 = ORIENTED_EDGE ( 'NONE', *, *, #3010, .T. ) ;
#1185 = ORIENTED_EDGE ( 'NONE', *, *, #899, .F. ) ;
#1186 = CARTESIAN_POINT ( 'NONE',  ( -0.2299999999999999500, 0.3000000000000000400, -0.3800000000000000000 ) ) ;
#1187 = ADVANCED_FACE ( 'NONE', ( #1446 ), #2037, .F. ) ;
#1188 = AXIS2_PLACEMENT_3D ( 'NONE', #2398, #1117, #1611 ) ;
#1189 = DIRECTION ( 'NONE',  ( 0.0000000000000000000, 0.0000000000000000000, 1.000000000000000000 ) ) ;
#1190 = EDGE_CURVE ( 'NONE', #1972, #2183, #2026, .T. ) ;
#1191 = EDGE_CURVE ( 'NONE', #781, #3058, #2681, .T. ) ;
#1192 = DIRECTION ( 'NONE',  ( 1.000000000000000000, -0.0000000000000000000, 0.0000000000000000000 ) ) ;
#1193 = CARTESIAN_POINT ( 'NONE',  ( -0.1000000000000015700, 0.01999999999999999700, 0.09999999999999999200 ) ) ;
#1194 = VECTOR ( 'NONE', #116, 1000.000000000000000 ) ;
#1195 = AXIS2_PLACEMENT_3D ( 'NONE', #273, #1797, #2776 ) ;
#1196 = CARTESIAN_POINT ( 'NONE',  ( 0.3500000000000000300, 0.1020000000000000100, -0.07000000000000007600 ) ) ;
#1197 = AXIS2_PLACEMENT_3D ( 'NONE', #768, #1014, #2756 ) ;
#1198 = VERTEX_POINT ( 'NONE', #2140 ) ;
#1199 = FACE_OUTER_BOUND ( 'NONE', #2046, .T. ) ;
#1200 = SURFACE_SIDE_STYLE ('',( #1066 ) ) ;
#1201 = ORIENTED_EDGE ( 'NONE', *, *, #1777, .T. ) ;
#1202 = EDGE_LOOP ( 'NONE', ( #90, #1140, #529, #1801 ) ) ;
#1203 = ORIENTED_EDGE ( 'NONE', *, *, #2928, .T. ) ;
#1204 = DIRECTION ( 'NONE',  ( -1.000000000000000000, -0.0000000000000000000, 0.0000000000000000000 ) ) ;
#1205 = EDGE_LOOP ( 'NONE', ( #1201, #2039, #1176, #358 ) ) ;
#1206 = ADVANCED_FACE ( 'NONE', ( #6 ), #2078, .F. ) ;
#1207 = VECTOR ( 'NONE', #2633, 1000.000000000000000 ) ;
#1208 = CARTESIAN_POINT ( 'NONE',  ( 0.1000000000000082200, 0.01999999999999999700, 0.3000000000000000400 ) ) ;
#1209 = CARTESIAN_POINT ( 'NONE',  ( -0.3499999999999999200, 2.103840481040530000, 0.3300000000000000200 ) ) ;
#1210 = VECTOR ( 'NONE', #2474, 1000.000000000000000 ) ;
#1211 = CARTESIAN_POINT ( 'NONE',  ( 0.1023212946968995300, 0.1019999999999999900, -0.4700000000000001400 ) ) ;
#1212 = EDGE_CURVE ( 'NONE', #828, #708, #1952, .T. ) ;
#1213 = FACE_OUTER_BOUND ( 'NONE', #3135, .T. ) ;
#1214 = EDGE_CURVE ( 'NONE', #584, #190, #2604, .T. ) ;
#1215 = VECTOR ( 'NONE', #2836, 1000.000000000000000 ) ;
#1216 = CARTESIAN_POINT ( 'NONE',  ( 0.0000000000000000000, 0.0000000000000000000, -0.09999999999999999200 ) ) ;
#1217 = AXIS2_PLACEMENT_3D ( 'NONE', #2002, #587, #597 ) ;
#1218 = CARTESIAN_POINT ( 'NONE',  ( 0.3500000000000000300, 0.0000000000000000000, -0.4700000000000001400 ) ) ;
#1219 = VECTOR ( 'NONE', #2850, 1000.000000000000000 ) ;
#1220 = CARTESIAN_POINT ( 'NONE',  ( 0.2500000000000000600, 0.05500000000000000700, 0.06999999999999996500 ) ) ;
#1221 = ORIENTED_EDGE ( 'NONE', *, *, #2911, .F. ) ;
#1222 = CARTESIAN_POINT ( 'NONE',  ( 0.2500000000000000600, 0.1019999999999999900, 0.3300000000000000200 ) ) ;
#1223 = PLANE ( 'NONE',  #2096 ) ;
#1224 = ADVANCED_FACE ( 'NONE', ( #79 ), #2326, .T. ) ;
#1225 = CLOSED_SHELL ( 'NONE', ( #1234, #2656, #1523, #2142, #2214, #461 ) ) ;
#1226 = VERTEX_POINT ( 'NONE', #2223 ) ;
#1227 = VERTEX_POINT ( 'NONE', #2373 ) ;
#1228 = VECTOR ( 'NONE', #1414, 1000.000000000000000 ) ;
#1229 =( GEOMETRIC_REPRESENTATION_CONTEXT ( 3 ) GLOBAL_UNCERTAINTY_ASSIGNED_CONTEXT ( ( #1515 ) ) GLOBAL_UNIT_ASSIGNED_CONTEXT ( ( #1541, #1572, #1597 ) ) REPRESENTATION_CONTEXT ( 'NONE', 'WORKASPACE' ) );
#1230 = EDGE_CURVE ( 'NONE', #1074, #2578, #2532, .T. ) ;
#1231 = EDGE_CURVE ( 'NONE', #2225, #883, #1864, .T. ) ;
#1232 = SURFACE_STYLE_FILL_AREA ( #1246 ) ;
#1233 = DIRECTION ( 'NONE',  ( 0.0000000000000000000, -1.000000000000000000, -0.0000000000000000000 ) ) ;
#1234 = ADVANCED_FACE ( 'NONE', ( #2454 ), #2459, .T. ) ;
#1235 = DIRECTION ( 'NONE',  ( 1.000000000000000000, 0.0000000000000000000, -0.0000000000000000000 ) ) ;
#1236 = VERTEX_POINT ( 'NONE', #2451 ) ;
#1237 = ORIENTED_EDGE ( 'NONE', *, *, #10, .F. ) ;
#1238 = VECTOR ( 'NONE', #424, 1000.000000000000000 ) ;
#1239 = AXIS2_PLACEMENT_3D ( 'NONE', #2880, #1917, #412 ) ;
#1240 = EDGE_LOOP ( 'NONE', ( #1731, #2817, #2188, #2585 ) ) ;
#1241 = CARTESIAN_POINT ( 'NONE',  ( 0.3500000000000000300, 2.103840481040530000, -0.4700000000000000300 ) ) ;
#1242 = PLANE ( 'NONE',  #183 ) ;
#1243 = LINE ( 'NONE', #1077, #2495 ) ;
#1244 = DIRECTION ( 'NONE',  ( 1.000000000000000000, 0.0000000000000000000, -0.0000000000000000000 ) ) ;
#1245 = VECTOR ( 'NONE', #2041, 1000.000000000000000 ) ;
#1246 = FILL_AREA_STYLE ('',( #763 ) ) ;
#1247 = CARTESIAN_POINT ( 'NONE',  ( -0.3000000000000135300, 0.0000000000000000000, 0.0000000000000000000 ) ) ;
#1248 = PLANE ( 'NONE',  #518 ) ;
#1249 = ADVANCED_FACE ( 'NONE', ( #3075 ), #2563, .F. ) ;
#1250 = EDGE_CURVE ( 'NONE', #986, #2001, #1122, .T. ) ;
#1251 = VERTEX_POINT ( 'NONE', #2606 ) ;
#1252 = EDGE_CURVE ( 'NONE', #828, #547, #1281, .T. ) ;
#1253 = LINE ( 'NONE', #223, #576 ) ;
#1254 = ORIENTED_EDGE ( 'NONE', *, *, #3156, .F. ) ;
#1255 = DIRECTION ( 'NONE',  ( -0.0000000000000000000, 0.0000000000000000000, 1.000000000000000000 ) ) ;
#1256 = AXIS2_PLACEMENT_3D ( 'NONE', #52, #108, #130 ) ;
#1257 =( GEOMETRIC_REPRESENTATION_CONTEXT ( 3 ) GLOBAL_UNCERTAINTY_ASSIGNED_CONTEXT ( ( #73 ) ) GLOBAL_UNIT_ASSIGNED_CONTEXT ( ( #1455, #3152, #1703 ) ) REPRESENTATION_CONTEXT ( 'NONE', 'WORKASPACE' ) );
#1258 = DIRECTION ( 'NONE',  ( 1.000000000000000000, 0.0000000000000000000, -1.355252715606880800E-016 ) ) ;
#1259 = ORIENTED_EDGE ( 'NONE', *, *, #1144, .F. ) ;
#1260 = ORIENTED_EDGE ( 'NONE', *, *, #2746, .T. ) ;
#1261 = CARTESIAN_POINT ( 'NONE',  ( -0.3499999999999999200, 0.02000000000000000000, 0.0000000000000000000 ) ) ;
#1262 = DIRECTION ( 'NONE',  ( 0.0000000000000000000, -0.0000000000000000000, -1.000000000000000000 ) ) ;
#1263 = FACE_OUTER_BOUND ( 'NONE', #2673, .T. ) ;
#1264 = VERTEX_POINT ( 'NONE', #2594 ) ;
#1265 = ORIENTED_EDGE ( 'NONE', *, *, #1526, .T. ) ;
#1266 = UNCERTAINTY_MEASURE_WITH_UNIT (LENGTH_MEASURE( 1.000000000000000100E-005 ), #731, 'distance_accuracy_value', 'NONE');
#1267 = ADVANCED_FACE ( 'NONE', ( #457 ), #2653, .F. ) ;
#1268 = EDGE_LOOP ( 'NONE', ( #2369, #2206, #2177, #2745 ) ) ;
#1269 = FACE_OUTER_BOUND ( 'NONE', #1907, .T. ) ;
#1270 = EDGE_CURVE ( 'NONE', #2710, #757, #1045, .T. ) ;
#1271 = PLANE ( 'NONE',  #1530 ) ;
#1272 = EDGE_LOOP ( 'NONE', ( #1737, #1332, #795, #1987 ) ) ;
#1273 = FACE_OUTER_BOUND ( 'NONE', #2667, .T. ) ;
#1274 = ORIENTED_EDGE ( 'NONE', *, *, #2842, .T. ) ;
#1275 = ORIENTED_EDGE ( 'NONE', *, *, #2843, .F. ) ;
#1276 = CARTESIAN_POINT ( 'NONE',  ( 0.2500000000000000600, 0.05500000000000000700, 0.3300000000000000200 ) ) ;
#1277 = FACE_OUTER_BOUND ( 'NONE', #1689, .T. ) ;
#1278 = LINE ( 'NONE', #2614, #1207 ) ;
#1279 = DIRECTION ( 'NONE',  ( 0.0000000000000000000, 1.000000000000000000, -0.0000000000000000000 ) ) ;
#1280 = DIRECTION ( 'NONE',  ( 0.0000000000000000000, -0.0000000000000000000, 1.000000000000000000 ) ) ;
#1281 = LINE ( 'NONE', #2496, #2375 ) ;
#1282 = VECTOR ( 'NONE', #440, 1000.000000000000000 ) ;
#1283 = CARTESIAN_POINT ( 'NONE',  ( -0.2499999999999999400, 0.0000000000000000000, 0.0000000000000000000 ) ) ;
#1284 = LINE ( 'NONE', #359, #2536 ) ;
#1285 = EDGE_LOOP ( 'NONE', ( #3202, #2489, #2962, #2874 ) ) ;
#1286 = FACE_OUTER_BOUND ( 'NONE', #580, .T. ) ;
#1287 = DIRECTION ( 'NONE',  ( 0.0000000000000000000, 1.000000000000000000, -0.0000000000000000000 ) ) ;
#1288 = AXIS2_PLACEMENT_3D ( 'NONE', #80, #93, #115 ) ;
#1289 = EDGE_CURVE ( 'NONE', #3098, #3058, #1790, .T. ) ;
#1290 = EDGE_CURVE ( 'NONE', #112, #1549, #364, .T. ) ;
#1291 = ORIENTED_EDGE ( 'NONE', *, *, #1696, .T. ) ;
#1292 = CARTESIAN_POINT ( 'NONE',  ( -0.09999999999999797900, 0.0000000000000000000, -0.3000000000000000400 ) ) ;
#1293 = VERTEX_POINT ( 'NONE', #2870 ) ;
#1294 = AXIS2_PLACEMENT_3D ( 'NONE', #69, #333, #2103 ) ;
#1295 = SURFACE_STYLE_FILL_AREA ( #18 ) ;
#1296 = CARTESIAN_POINT ( 'NONE',  ( -0.2499999999999999400, 0.1019999999999999900, -0.3300000000000002900 ) ) ;
#1297 = ORIENTED_EDGE ( 'NONE', *, *, #2422, .T. ) ;
#1298 = LINE ( 'NONE', #417, #1228 ) ;
#1299 = DIRECTION ( 'NONE',  ( 0.0000000000000000000, -0.0000000000000000000, 1.000000000000000000 ) ) ;
#1300 = CARTESIAN_POINT ( 'NONE',  ( 0.2500000000000000600, 0.1019999999999999900, -0.07000000000000007600 ) ) ;
#1301 = MANIFOLD_SOLID_BREP ( 'Boss-Extrude4[1]', #1844 ) ;
#1302 = DIRECTION ( 'NONE',  ( 1.000000000000000000, 0.0000000000000000000, -0.0000000000000000000 ) ) ;
#1303 = PRESENTATION_STYLE_ASSIGNMENT (( #1385 ) ) ;
#1304 = ORIENTED_EDGE ( 'NONE', *, *, #1563, .F. ) ;
#1305 = AXIS2_PLACEMENT_3D ( 'NONE', #616, #3081, #363 ) ;
#1306 = EDGE_CURVE ( 'NONE', #513, #3069, #486, .T. ) ;
#1307 = ORIENTED_EDGE ( 'NONE', *, *, #221, .T. ) ;
#1308 = LINE ( 'NONE', #729, #1238 ) ;
#1309 = CARTESIAN_POINT ( 'NONE',  ( 0.1000000000000082400, 0.0000000000000000000, 0.5000000000000000000 ) ) ;
#1310 = FACE_OUTER_BOUND ( 'NONE', #1710, .T. ) ;
#1311 = VERTEX_POINT ( 'NONE', #2984 ) ;
#1312 = CARTESIAN_POINT ( 'NONE',  ( 0.09999999999999988100, 0.0000000000000000000, -0.5000000000000000000 ) ) ;
#1313 = DIRECTION ( 'NONE',  ( 0.0000000000000000000, 0.0000000000000000000, 1.000000000000000000 ) ) ;
#1314 = CARTESIAN_POINT ( 'NONE',  ( -0.1023212946968994200, 0.1019999999999999900, 0.3300000000000000200 ) ) ;
#1315 = VECTOR ( 'NONE', #1454, 1000.000000000000000 ) ;
#1316 = ORIENTED_EDGE ( 'NONE', *, *, #3067, .T. ) ;
#1317 = CARTESIAN_POINT ( 'NONE',  ( -0.3000000000000052100, 0.0000000000000000000, 0.3000000000000001600 ) ) ;
#1318 = CARTESIAN_POINT ( 'NONE',  ( 0.3500000000000000300, 0.05499999999999992400, 0.5500000000000000400 ) ) ;
#1319 = FACE_OUTER_BOUND ( 'NONE', #2338, .T. ) ;
#1320 = DIRECTION ( 'NONE',  ( 0.0000000000000000000, -0.0000000000000000000, 1.000000000000000000 ) ) ;
#1321 = CARTESIAN_POINT ( 'NONE',  ( 0.2500000000000000600, 0.05500000000000000700, -0.3300000000000001300 ) ) ;
#1322 = CARTESIAN_POINT ( 'NONE',  ( -0.2499999999999999400, 0.05500000000000000700, -0.07000000000000007600 ) ) ;
#1323 = DIRECTION ( 'NONE',  ( 0.0000000000000000000, -0.0000000000000000000, 1.000000000000000000 ) ) ;
#1324 = VERTEX_POINT ( 'NONE', #3012 ) ;
#1325 = SURFACE_STYLE_USAGE ( .BOTH. , #2819 ) ;
#1326 = DIRECTION ( 'NONE',  ( -1.355252715606880800E-016, 0.0000000000000000000, -1.000000000000000000 ) ) ;
#1327 =( GEOMETRIC_REPRESENTATION_CONTEXT ( 3 ) GLOBAL_UNCERTAINTY_ASSIGNED_CONTEXT ( ( #2663 ) ) GLOBAL_UNIT_ASSIGNED_CONTEXT ( ( #2933, #2937, #2959 ) ) REPRESENTATION_CONTEXT ( 'NONE', 'WORKASPACE' ) );
#1328 = EDGE_LOOP ( 'NONE', ( #501, #2295, #1025, #671 ) ) ;
#1329 = EDGE_LOOP ( 'NONE', ( #2971, #2732, #1316, #2323 ) ) ;
#1330 = CARTESIAN_POINT ( 'NONE',  ( -0.3499999999999999200, 0.05499999999999998600, -0.3300000000000001300 ) ) ;
#1331 = SURFACE_STYLE_FILL_AREA ( #1989 ) ;
#1332 = ORIENTED_EDGE ( 'NONE', *, *, #1945, .T. ) ;
#1333 = ORIENTED_EDGE ( 'NONE', *, *, #1364, .F. ) ;
#1334 = PLANE ( 'NONE',  #257 ) ;
#1335 = ORIENTED_EDGE ( 'NONE', *, *, #866, .F. ) ;
#1336 = EDGE_LOOP ( 'NONE', ( #1007, #469, #2998, #3096 ) ) ;
#1337 = CARTESIAN_POINT ( 'NONE',  ( -0.2499999999999999400, 0.1019999999999999900, 0.06999999999999996500 ) ) ;
#1338 = CARTESIAN_POINT ( 'NONE',  ( 0.2500000000000000600, 0.05500000000000000700, -0.3300000000000001300 ) ) ;
#1339 = VECTOR ( 'NONE', #321, 1000.000000000000000 ) ;
#1340 = LINE ( 'NONE', #1626, #2592 ) ;
#1341 = CARTESIAN_POINT ( 'NONE',  ( -0.2499999999999999400, 0.1019999999999999900, 0.4700000000000000300 ) ) ;
#1342 = ORIENTED_EDGE ( 'NONE', *, *, #1990, .T. ) ;
#1343 = PLANE ( 'NONE',  #2523 ) ;
#1344 = VECTOR ( 'NONE', #1412, 1000.000000000000000 ) ;
#1345 = VERTEX_POINT ( 'NONE', #3021 ) ;
#1346 = ORIENTED_EDGE ( 'NONE', *, *, #2380, .F. ) ;
#1347 = DIRECTION ( 'NONE',  ( 1.000000000000000000, 0.0000000000000000000, -0.0000000000000000000 ) ) ;
#1348 = VECTOR ( 'NONE', #286, 1000.000000000000000 ) ;
#1349 = EDGE_CURVE ( 'NONE', #2367, #3208, #128, .T. ) ;
#1350 = EDGE_CURVE ( 'NONE', #1056, #169, #1388, .T. ) ;
#1351 = LINE ( 'NONE', #2482, #598 ) ;
#1352 = AXIS2_PLACEMENT_3D ( 'NONE', #2054, #22, #2546 ) ;
#1353 = VECTOR ( 'NONE', #2285, 1000.000000000000000 ) ;
#1354 = CARTESIAN_POINT ( 'NONE',  ( 0.2500000000000000600, 0.05500000000000000700, 0.4700000000000000300 ) ) ;
#1355 = LINE ( 'NONE', #2190, #691 ) ;
#1356 = VERTEX_POINT ( 'NONE', #3091 ) ;
#1357 = LINE ( 'NONE', #2156, #1957 ) ;
#1358 = CARTESIAN_POINT ( 'NONE',  ( -0.3499999999999999200, 0.05499999999999998600, -0.07000000000000007600 ) ) ;
#1359 = DIRECTION ( 'NONE',  ( 5.421010862427521200E-016, -0.0000000000000000000, 1.000000000000000000 ) ) ;
#1360 = DIRECTION ( 'NONE',  ( 1.000000000000000000, 0.0000000000000000000, -1.355252715606881000E-016 ) ) ;
#1361 = VECTOR ( 'NONE', #2909, 1000.000000000000000 ) ;
#1362 = CARTESIAN_POINT ( 'NONE',  ( 0.2500000000000000600, 0.05500000000000000700, 0.4700000000000000300 ) ) ;
#1363 = CARTESIAN_POINT ( 'NONE',  ( 0.3500000000000000300, 0.1020000000000000900, 0.5500000000000000400 ) ) ;
#1364 = EDGE_CURVE ( 'NONE', #2677, #883, #2635, .T. ) ;
#1365 = EDGE_CURVE ( 'NONE', #2001, #3212, #35, .T. ) ;
#1366 = VERTEX_POINT ( 'NONE', #3149 ) ;
#1367 = DIRECTION ( 'NONE',  ( 0.0000000000000000000, 1.000000000000000000, 0.0000000000000000000 ) ) ;
#1368 = DIRECTION ( 'NONE',  ( -1.000000000000000000, 0.0000000000000000000, -0.0000000000000000000 ) ) ;
#1369 = LINE ( 'NONE', #2286, #786 ) ;
#1370 = CARTESIAN_POINT ( 'NONE',  ( 0.1000000000000040700, 0.01999999999999999700, 0.09999999999999993600 ) ) ;
#1371 = VERTEX_POINT ( 'NONE', #3172 ) ;
#1372 = PRESENTATION_LAYER_ASSIGNMENT (  '', '', ( #1041 ) ) ;
#1373 = FACE_OUTER_BOUND ( 'NONE', #737, .T. ) ;
#1374 = ORIENTED_EDGE ( 'NONE', *, *, #1144, .T. ) ;
#1375 = CARTESIAN_POINT ( 'NONE',  ( 0.3500000000000000300, 0.05500000000000000700, -0.4700000000000001400 ) ) ;
#1376 = CARTESIAN_POINT ( 'NONE',  ( -0.3499999999999999200, 0.02000000000000003900, 0.5500000000000000400 ) ) ;
#1377 = CARTESIAN_POINT ( 'NONE',  ( -0.2499999999999999400, 0.05500000000000000700, 0.4700000000000000300 ) ) ;
#1378 = SURFACE_SIDE_STYLE ('',( #1232 ) ) ;
#1379 = VERTEX_POINT ( 'NONE', #3197 ) ;
#1380 = DIRECTION ( 'NONE',  ( 0.0000000000000000000, -0.0000000000000000000, 1.000000000000000000 ) ) ;
#1381 = LINE ( 'NONE', #2662, #715 ) ;
#1382 = CARTESIAN_POINT ( 'NONE',  ( 0.3500000000000000300, 0.05499999999999998600, 0.4700000000000000300 ) ) ;
#1383 = LINE ( 'NONE', #127, #717 ) ;
#1384 = CARTESIAN_POINT ( 'NONE',  ( -0.2499999999999999400, 0.05500000000000000700, -0.07000000000000007600 ) ) ;
#1385 = SURFACE_STYLE_USAGE ( .BOTH. , #1378 ) ;
#1386 = ORIENTED_EDGE ( 'NONE', *, *, #1651, .F. ) ;
#1387 = ORIENTED_EDGE ( 'NONE', *, *, #450, .T. ) ;
#1388 = LINE ( 'NONE', #3050, #722 ) ;
#1389 = PLANE ( 'NONE',  #2493 ) ;
#1390 = FACE_OUTER_BOUND ( 'NONE', #3053, .T. ) ;
#1391 = EDGE_LOOP ( 'NONE', ( #1114, #1971, #2174, #2860 ) ) ;
#1392 = DIRECTION ( 'NONE',  ( 1.000000000000000000, 0.0000000000000000000, -1.070649645329435800E-014 ) ) ;
#1393 =( LENGTH_UNIT ( ) NAMED_UNIT ( * ) SI_UNIT ( .MILLI., .METRE. ) );
#1394 = CARTESIAN_POINT ( 'NONE',  ( -0.3499999999999999200, 0.1020000000000000900, 0.5500000000000000400 ) ) ;
#1395 = ADVANCED_FACE ( 'NONE', ( #639 ), #793, .F. ) ;
#1396 = EDGE_CURVE ( 'NONE', #3098, #2709, #2556, .T. ) ;
#1397 = CARTESIAN_POINT ( 'NONE',  ( 0.1023212946968995300, 0.05500000000000000700, 0.3300000000000000200 ) ) ;
#1398 = EDGE_CURVE ( 'NONE', #390, #1612, #1308, .T. ) ;
#1399 = DIRECTION ( 'NONE',  ( 0.0000000000000000000, -0.0000000000000000000, -1.000000000000000000 ) ) ;
#1400 = VECTOR ( 'NONE', #1180, 1000.000000000000000 ) ;
#1401 = PRODUCT_DEFINITION_FORMATION_WITH_SPECIFIED_SOURCE ( 'ANY', '', #1131, .NOT_KNOWN. ) ;
#1402 = DIRECTION ( 'NONE',  ( 1.000000000000000000, 0.0000000000000000000, -0.0000000000000000000 ) ) ;
#1403 = VECTOR ( 'NONE', #2569, 1000.000000000000000 ) ;
#1404 = DIRECTION ( 'NONE',  ( 0.0000000000000000000, 1.000000000000000000, -0.0000000000000000000 ) ) ;
#1405 = UNCERTAINTY_MEASURE_WITH_UNIT (LENGTH_MEASURE( 1.000000000000000100E-005 ), #2185, 'distance_accuracy_value', 'NONE');
#1406 = DIRECTION ( 'NONE',  ( -1.000000000000000000, 0.0000000000000000000, 0.0000000000000000000 ) ) ;
#1407 = DIRECTION ( 'NONE',  ( 0.0000000000000000000, 0.0000000000000000000, 1.000000000000000000 ) ) ;
#1408 = DIRECTION ( 'NONE',  ( 0.0000000000000000000, 0.0000000000000000000, -1.000000000000000000 ) ) ;
#1409 = DIRECTION ( 'NONE',  ( 0.0000000000000000000, 0.0000000000000000000, 1.000000000000000000 ) ) ;
#1410 = DIRECTION ( 'NONE',  ( 0.0000000000000000000, -0.0000000000000000000, -1.000000000000000000 ) ) ;
#1411 =( LENGTH_UNIT ( ) NAMED_UNIT ( * ) SI_UNIT ( .MILLI., .METRE. ) );
#1412 = DIRECTION ( 'NONE',  ( -0.0000000000000000000, -0.0000000000000000000, -1.000000000000000000 ) ) ;
#1413 = ORIENTED_EDGE ( 'NONE', *, *, #193, .T. ) ;
#1414 = DIRECTION ( 'NONE',  ( -0.0000000000000000000, 0.0000000000000000000, -1.000000000000000000 ) ) ;
#1415 = ADVANCED_FACE ( 'NONE', ( #3185 ), #2196, .F. ) ;
#1416 = COLOUR_RGB ( '',0.7921568627450980000, 0.8196078431372548800, 0.9333333333333333500 ) ;
#1417 = PLANE ( 'NONE',  #628 ) ;
#1418 = ORIENTED_EDGE ( 'NONE', *, *, #272, .F. ) ;
#1419 = EDGE_LOOP ( 'NONE', ( #1616, #1413, #3027, #1068 ) ) ;
#1420 = AXIS2_PLACEMENT_3D ( 'NONE', #949, #1676, #160 ) ;
#1421 = DIRECTION ( 'NONE',  ( 1.000000000000000000, 0.0000000000000000000, 0.0000000000000000000 ) ) ;
#1422 = EDGE_CURVE ( 'NONE', #2510, #2367, #3109, .T. ) ;
#1423 = EDGE_CURVE ( 'NONE', #2498, #2407, #2490, .T. ) ;
#1424 = LINE ( 'NONE', #2460, #154 ) ;
#1425 = ORIENTED_EDGE ( 'NONE', *, *, #2787, .T. ) ;
#1426 = SURFACE_STYLE_USAGE ( .BOTH. , #1438 ) ;
#1427 = VERTEX_POINT ( 'NONE', #875 ) ;
#1428 = CARTESIAN_POINT ( 'NONE',  ( -0.2499999999999999400, 0.05500000000000000700, 0.06999999999999996500 ) ) ;
#1429 = CARTESIAN_POINT ( 'NONE',  ( 0.2500000000000000600, 0.1019999999999999900, 0.06999999999999996500 ) ) ;
#1430 = PLANE ( 'NONE',  #1449 ) ;
#1431 = PRESENTATION_LAYER_ASSIGNMENT (  '', '', ( #1085 ) ) ;
#1432 = DIRECTION ( 'NONE',  ( 0.0000000000000000000, -0.0000000000000000000, 1.000000000000000000 ) ) ;
#1433 = EDGE_LOOP ( 'NONE', ( #765, #430, #1883, #1898 ) ) ;
#1434 = LINE ( 'NONE', #1474, #65 ) ;
#1435 = VERTEX_POINT ( 'NONE', #1791 ) ;
#1436 = ORIENTED_EDGE ( 'NONE', *, *, #2357, .T. ) ;
#1437 = VECTOR ( 'NONE', #992, 1000.000000000000000 ) ;
#1438 = SURFACE_SIDE_STYLE ('',( #2057 ) ) ;
#1439 = ORIENTED_EDGE ( 'NONE', *, *, #1349, .F. ) ;
#1440 = ORIENTED_EDGE ( 'NONE', *, *, #785, .T. ) ;
#1441 = ORIENTED_EDGE ( 'NONE', *, *, #1564, .T. ) ;
#1442 = CARTESIAN_POINT ( 'NONE',  ( -0.3499999999999999200, 0.1020000000000000100, 0.06999999999999997900 ) ) ;
#1443 = LINE ( 'NONE', #2294, #2102 ) ;
#1444 = EDGE_CURVE ( 'NONE', #3201, #987, #491, .T. ) ;
#1445 = VECTOR ( 'NONE', #2320, 1000.000000000000000 ) ;
#1446 = FACE_OUTER_BOUND ( 'NONE', #2822, .T. ) ;
#1447 = PLANE ( 'NONE',  #3179 ) ;
#1448 = PLANE ( 'NONE',  #3154 ) ;
#1449 = AXIS2_PLACEMENT_3D ( 'NONE', #1322, #1461, #1399 ) ;
#1450 = DIRECTION ( 'NONE',  ( 1.000000000000000000, 0.0000000000000000000, -0.0000000000000000000 ) ) ;
#1451 = LINE ( 'NONE', #2738, #2684 ) ;
#1452 = CARTESIAN_POINT ( 'NONE',  ( -0.3000000000000051500, 0.3028427124746300200, 0.5000000000000000000 ) ) ;
#1453 = PLANE ( 'NONE',  #1780 ) ;
#1454 = DIRECTION ( 'NONE',  ( 1.355252715606881000E-016, -0.0000000000000000000, 1.000000000000000000 ) ) ;
#1455 =( LENGTH_UNIT ( ) NAMED_UNIT ( * ) SI_UNIT ( .MILLI., .METRE. ) );
#1456 = ADVANCED_FACE ( 'NONE', ( #1754 ), #2794, .F. ) ;
#1457 = ORIENTED_EDGE ( 'NONE', *, *, #2305, .T. ) ;
#1458 = EDGE_LOOP ( 'NONE', ( #1858, #1505, #3108, #1002 ) ) ;
#1459 = CARTESIAN_POINT ( 'NONE',  ( -0.09999999999998963900, 0.0000000000000000000, 0.0000000000000000000 ) ) ;
#1460 = ORIENTED_EDGE ( 'NONE', *, *, #605, .T. ) ;
#1461 = DIRECTION ( 'NONE',  ( 0.0000000000000000000, -1.000000000000000000, 0.0000000000000000000 ) ) ;
#1462 = DIRECTION ( 'NONE',  ( 1.000000000000000000, 0.0000000000000000000, -0.0000000000000000000 ) ) ;
#1463 = VECTOR ( 'NONE', #254, 1000.000000000000000 ) ;
#1464 = CARTESIAN_POINT ( 'NONE',  ( -0.2499999999999999400, 0.1019999999999999900, 0.0000000000000000000 ) ) ;
#1465 = EDGE_LOOP ( 'NONE', ( #2352, #1335, #66, #1671 ) ) ;
#1466 = VERTEX_POINT ( 'NONE', #2137 ) ;
#1467 = DIRECTION ( 'NONE',  ( -1.000000000000000000, -0.0000000000000000000, 0.0000000000000000000 ) ) ;
#1468 = FACE_OUTER_BOUND ( 'NONE', #1272, .T. ) ;
#1469 = EDGE_CURVE ( 'NONE', #3184, #996, #2408, .T. ) ;
#1470 = ORIENTED_EDGE ( 'NONE', *, *, #3192, .T. ) ;
#1471 = EDGE_CURVE ( 'NONE', #2802, #638, #1076, .T. ) ;
#1472 = DIRECTION ( 'NONE',  ( -0.0000000000000000000, 0.0000000000000000000, -1.000000000000000000 ) ) ;
#1473 = ADVANCED_FACE ( 'NONE', ( #3029 ), #2013, .F. ) ;
#1474 = CARTESIAN_POINT ( 'NONE',  ( -0.1023212946968994200, 0.05500000000000000700, 0.3300000000000000200 ) ) ;
#1475 = ORIENTED_EDGE ( 'NONE', *, *, #1081, .T. ) ;
#1476 = CARTESIAN_POINT ( 'NONE',  ( 0.3000000000000040400, 0.3028427124746300200, -0.09999999999999999200 ) ) ;
#1477 = VECTOR ( 'NONE', #3180, 1000.000000000000000 ) ;
#1478 = VERTEX_POINT ( 'NONE', #2124 ) ;
#1479 = DIRECTION ( 'NONE',  ( 0.0000000000000000000, 0.0000000000000000000, 1.000000000000000000 ) ) ;
#1480 = LINE ( 'NONE', #337, #3181 ) ;
#1481 = FILL_AREA_STYLE_COLOUR ( '', #2567 ) ;
#1482 = DIRECTION ( 'NONE',  ( 0.0000000000000000000, 0.0000000000000000000, -1.000000000000000000 ) ) ;
#1483 = EDGE_LOOP ( 'NONE', ( #817, #1035, #886, #267 ) ) ;
#1484 = EDGE_LOOP ( 'NONE', ( #2869, #1739, #1274, #2918 ) ) ;
#1485 = LINE ( 'NONE', #74, #2143 ) ;
#1486 = VERTEX_POINT ( 'NONE', #2262 ) ;
#1487 = SURFACE_SIDE_STYLE ('',( #1008 ) ) ;
#1488 = DIRECTION ( 'NONE',  ( -7.758821796849392400E-014, -0.0000000000000000000, -1.000000000000000000 ) ) ;
#1489 = PRESENTATION_STYLE_ASSIGNMENT (( #185 ) ) ;
#1490 = DIRECTION ( 'NONE',  ( 0.0000000000000000000, 1.000000000000000000, 0.0000000000000000000 ) ) ;
#1491 = DIRECTION ( 'NONE',  ( 0.0000000000000000000, -0.0000000000000000000, -1.000000000000000000 ) ) ;
#1492 = ADVANCED_FACE ( 'NONE', ( #315 ), #2128, .F. ) ;
#1493 = AXIS2_PLACEMENT_3D ( 'NONE', #2119, #1367, #1877 ) ;
#1494 = LINE ( 'NONE', #1047, #1400 ) ;
#1495 = EDGE_CURVE ( 'NONE', #390, #2883, #1670, .T. ) ;
#1496 = FACE_OUTER_BOUND ( 'NONE', #539, .T. ) ;
#1497 = ORIENTED_EDGE ( 'NONE', *, *, #936, .F. ) ;
#1498 =( LENGTH_UNIT ( ) NAMED_UNIT ( * ) SI_UNIT ( .MILLI., .METRE. ) );
#1499 = COLOUR_RGB ( '',1.000000000000000000, 0.8117647058823529400, 0.5019607843137254800 ) ;
#1500 = FILL_AREA_STYLE ('',( #1481 ) ) ;
#1501 = ORIENTED_EDGE ( 'NONE', *, *, #1904, .F. ) ;
#1502 = ORIENTED_EDGE ( 'NONE', *, *, #1875, .F. ) ;
#1503 = VECTOR ( 'NONE', #1810, 1000.000000000000000 ) ;
#1504 = CLOSED_SHELL ( 'NONE', ( #703, #1994, #140, #2890, #2742, #1911, #2397, #2955, #1943, #1649, #2194, #2497, #2716, #1456, #231, #1415, #1768, #3188, #773, #2481, #3159, #610, #2461, #2986, #494, #1978, #2260, #631, #255, #989, #522, #3140, #940, #1925, #2414, #1492, #2246, #1959, #503 ) ) ;
#1505 = ORIENTED_EDGE ( 'NONE', *, *, #1539, .T. ) ;
#1506 = ADVANCED_FACE ( 'NONE', ( #2901 ), #1334, .F. ) ;
#1507 = LINE ( 'NONE', #1691, #822 ) ;
#1508 = ORIENTED_EDGE ( 'NONE', *, *, #801, .T. ) ;
#1509 =( NAMED_UNIT ( * ) PLANE_ANGLE_UNIT ( ) SI_UNIT ( $, .RADIAN. ) );
#1510 = DIRECTION ( 'NONE',  ( -1.000000000000000000, 0.0000000000000000000, -0.0000000000000000000 ) ) ;
#1511 = ORIENTED_EDGE ( 'NONE', *, *, #1564, .F. ) ;
#1512 = ORIENTED_EDGE ( 'NONE', *, *, #1190, .T. ) ;
#1513 = VECTOR ( 'NONE', #1235, 1000.000000000000000 ) ;
#1514 = DIRECTION ( 'NONE',  ( 0.0000000000000000000, -1.000000000000000000, -0.0000000000000000000 ) ) ;
#1515 = UNCERTAINTY_MEASURE_WITH_UNIT (LENGTH_MEASURE( 1.000000000000000100E-005 ), #1541, 'distance_accuracy_value', 'NONE');
#1516 = ORIENTED_EDGE ( 'NONE', *, *, #1969, .F. ) ;
#1517 =( NAMED_UNIT ( * ) SI_UNIT ( $, .STERADIAN. ) SOLID_ANGLE_UNIT ( ) );
#1518 = VECTOR ( 'NONE', #670, 1000.000000000000000 ) ;
#1519 = EDGE_LOOP ( 'NONE', ( #303, #1620, #1786, #1259 ) ) ;
#1520 = ORIENTED_EDGE ( 'NONE', *, *, #1875, .T. ) ;
#1521 = SURFACE_SIDE_STYLE ('',( #1912 ) ) ;
#1522 = CARTESIAN_POINT ( 'NONE',  ( -0.3499999999999999200, 0.1019999999999999900, 0.0000000000000000000 ) ) ;
#1523 = ADVANCED_FACE ( 'NONE', ( #1586 ), #2152, .T. ) ;
#1524 = LINE ( 'NONE', #2528, #174 ) ;
#1525 = VECTOR ( 'NONE', #1809, 1000.000000000000000 ) ;
#1526 = EDGE_CURVE ( 'NONE', #2541, #2849, #924, .T. ) ;
#1527 = EDGE_CURVE ( 'NONE', #726, #1356, #2263, .T. ) ;
#1528 = DIRECTION ( 'NONE',  ( 1.000000000000000000, 0.0000000000000000000, -0.0000000000000000000 ) ) ;
#1529 = PRESENTATION_LAYER_ASSIGNMENT (  '', '', ( #683 ) ) ;
#1530 = AXIS2_PLACEMENT_3D ( 'NONE', #3207, #2513, #1778 ) ;
#1531 = ORIENTED_EDGE ( 'NONE', *, *, #606, .T. ) ;
#1532 = SURFACE_STYLE_USAGE ( .BOTH. , #1521 ) ;
#1533 = FILL_AREA_STYLE_COLOUR ( '', #2543 ) ;
#1534 = LINE ( 'NONE', #1522, #1463 ) ;
#1535 = ORIENTED_EDGE ( 'NONE', *, *, #915, .F. ) ;
#1536 = CARTESIAN_POINT ( 'NONE',  ( -0.09999999999998963900, 0.3028427124746300200, 0.5000000000000000000 ) ) ;
#1537 = LINE ( 'NONE', #356, #789 ) ;
#1538 = EDGE_CURVE ( 'NONE', #2469, #2622, #2335, .T. ) ;
#1539 = EDGE_CURVE ( 'NONE', #1371, #2941, #2184, .T. ) ;
#1540 = ORIENTED_EDGE ( 'NONE', *, *, #404, .F. ) ;
#1541 =( LENGTH_UNIT ( ) NAMED_UNIT ( * ) SI_UNIT ( .MILLI., .METRE. ) );
#1542 = CARTESIAN_POINT ( 'NONE',  ( -0.3000000000000092600, 0.01999999999999999700, 0.1000000000000000500 ) ) ;
#1543 = LINE ( 'NONE', #1177, #1477 ) ;
#1544 = ORIENTED_EDGE ( 'NONE', *, *, #1539, .F. ) ;
#1545 = LINE ( 'NONE', #109, #2706 ) ;
#1546 = MECHANICAL_DESIGN_GEOMETRIC_PRESENTATION_REPRESENTATION (  '', ( #1041 ), #1720 ) ;
#1547 = ORIENTED_EDGE ( 'NONE', *, *, #1252, .F. ) ;
#1548 = DIRECTION ( 'NONE',  ( -0.0000000000000000000, -1.000000000000000000, 0.0000000000000000000 ) ) ;
#1549 = VERTEX_POINT ( 'NONE', #1012 ) ;
#1550 = DIRECTION ( 'NONE',  ( -1.000000000000000000, 0.0000000000000000000, 7.758821796849392400E-014 ) ) ;
#1551 = VECTOR ( 'NONE', #3043, 1000.000000000000000 ) ;
#1552 = ORIENTED_EDGE ( 'NONE', *, *, #379, .F. ) ;
#1553 = VECTOR ( 'NONE', #1244, 1000.000000000000000 ) ;
#1554 = DIRECTION ( 'NONE',  ( -0.0000000000000000000, -1.000000000000000000, -0.0000000000000000000 ) ) ;
#1555 = LINE ( 'NONE', #933, #292 ) ;
#1556 = DIRECTION ( 'NONE',  ( 0.0000000000000000000, 0.0000000000000000000, 1.000000000000000000 ) ) ;
#1557 = DIRECTION ( 'NONE',  ( 0.0000000000000000000, -0.0000000000000000000, 1.000000000000000000 ) ) ;
#1558 = VECTOR ( 'NONE', #2354, 1000.000000000000000 ) ;
#1559 = CARTESIAN_POINT ( 'NONE',  ( -0.2299999999999999500, 0.3000000000000000400, -0.3800000000000000000 ) ) ;
#1560 = CARTESIAN_POINT ( 'NONE',  ( 0.2500000000000000600, 0.05500000000000000700, 0.4700000000000000300 ) ) ;
#1561 = VECTOR ( 'NONE', #1514, 1000.000000000000000 ) ;
#1562 = CARTESIAN_POINT ( 'NONE',  ( 0.3500000000000000300, 0.1019999999999999900, -0.3300000000000001300 ) ) ;
#1563 = EDGE_CURVE ( 'NONE', #1576, #3187, #248, .T. ) ;
#1564 = EDGE_CURVE ( 'NONE', #781, #823, #2747, .T. ) ;
#1565 = DIRECTION ( 'NONE',  ( 0.0000000000000000000, 0.0000000000000000000, 1.000000000000000000 ) ) ;
#1566 = PRODUCT_RELATED_PRODUCT_CATEGORY ( 'part', '', ( #1131 ) ) ;
#1567 = PLANE ( 'NONE',  #296 ) ;
#1568 = FACE_OUTER_BOUND ( 'NONE', #1982, .T. ) ;
#1569 = DIRECTION ( 'NONE',  ( 1.000000000000000000, 0.0000000000000000000, -0.0000000000000000000 ) ) ;
#1570 = VERTEX_POINT ( 'NONE', #2148 ) ;
#1571 = ORIENTED_EDGE ( 'NONE', *, *, #2466, .F. ) ;
#1572 =( NAMED_UNIT ( * ) PLANE_ANGLE_UNIT ( ) SI_UNIT ( $, .RADIAN. ) );
#1573 = CARTESIAN_POINT ( 'NONE',  ( 0.1000000000000014800, 0.0000000000000000000, -0.3000000000000000400 ) ) ;
#1574 = ORIENTED_EDGE ( 'NONE', *, *, #1212, .F. ) ;
#1575 = PLANE ( 'NONE',  #2767 ) ;
#1576 = VERTEX_POINT ( 'NONE', #983 ) ;
#1577 = ORIENTED_EDGE ( 'NONE', *, *, #1061, .T. ) ;
#1578 = CARTESIAN_POINT ( 'NONE',  ( 0.2500000000000000600, 0.1019999999999999900, 0.3300000000000000200 ) ) ;
#1579 = CARTESIAN_POINT ( 'NONE',  ( 0.2500000000000000600, 0.1019999999999999900, -0.3300000000000001300 ) ) ;
#1580 = PLANE ( 'NONE',  #2113 ) ;
#1581 = FACE_BOUND ( 'NONE', #2392, .T. ) ;
#1582 = STYLED_ITEM ( 'NONE', ( #2280 ), #484 ) ;
#1583 = EDGE_CURVE ( 'NONE', #2001, #782, #835, .T. ) ;
#1584 = ORIENTED_EDGE ( 'NONE', *, *, #955, .T. ) ;
#1585 = EDGE_CURVE ( 'NONE', #1074, #2469, #68, .T. ) ;
#1586 = FACE_OUTER_BOUND ( 'NONE', #2203, .T. ) ;
#1587 =( NAMED_UNIT ( * ) PLANE_ANGLE_UNIT ( ) SI_UNIT ( $, .RADIAN. ) );
#1588 = CARTESIAN_POINT ( 'NONE',  ( -0.3499999999999999200, 0.05499999999999998600, -0.4700000000000001400 ) ) ;
#1589 = ORIENTED_EDGE ( 'NONE', *, *, #2271, .F. ) ;
#1590 = ORIENTED_EDGE ( 'NONE', *, *, #1290, .F. ) ;
#1591 = MECHANICAL_DESIGN_GEOMETRIC_PRESENTATION_REPRESENTATION (  '', ( #1085 ), #1767 ) ;
#1592 = DIRECTION ( 'NONE',  ( -1.000000000000000000, 0.0000000000000000000, -0.0000000000000000000 ) ) ;
#1593 = VECTOR ( 'NONE', #2281, 1000.000000000000000 ) ;
#1594 = CARTESIAN_POINT ( 'NONE',  ( 0.1000000000000020200, 0.3028427124746300200, -0.3000000000000000400 ) ) ;
#1595 = DIRECTION ( 'NONE',  ( 1.000000000000000000, 0.0000000000000000000, -5.421010862427526100E-016 ) ) ;
#1596 = LINE ( 'NONE', #1726, #2831 ) ;
#1597 =( NAMED_UNIT ( * ) SI_UNIT ( $, .STERADIAN. ) SOLID_ANGLE_UNIT ( ) );
#1598 = DIRECTION ( 'NONE',  ( 0.0000000000000000000, -1.000000000000000000, -0.0000000000000000000 ) ) ;
#1599 = DIRECTION ( 'NONE',  ( -5.421010862427526100E-016, 0.0000000000000000000, -1.000000000000000000 ) ) ;
#1600 = DIRECTION ( 'NONE',  ( -0.0000000000000000000, 1.000000000000000000, 0.0000000000000000000 ) ) ;
#1601 = FACE_OUTER_BOUND ( 'NONE', #100, .T. ) ;
#1602 = CARTESIAN_POINT ( 'NONE',  ( -0.3000000000000093700, 0.0000000000000000000, -0.09999999999999990800 ) ) ;
#1603 = EDGE_CURVE ( 'NONE', #1198, #2118, #2017, .T. ) ;
#1604 = DIRECTION ( 'NONE',  ( -1.000000000000000000, 0.0000000000000000000, 0.0000000000000000000 ) ) ;
#1605 = ORIENTED_EDGE ( 'NONE', *, *, #1212, .T. ) ;
#1606 = CARTESIAN_POINT ( 'NONE',  ( -0.1023212946968994200, 0.05500000000000000700, -0.3300000000000001300 ) ) ;
#1607 = ORIENTED_EDGE ( 'NONE', *, *, #1398, .F. ) ;
#1608 = EDGE_LOOP ( 'NONE', ( #2258, #1516, #224, #481 ) ) ;
#1609 = DIRECTION ( 'NONE',  ( 0.0000000000000000000, 0.0000000000000000000, -1.000000000000000000 ) ) ;
#1610 = LINE ( 'NONE', #2015, #196 ) ;
#1611 = DIRECTION ( 'NONE',  ( 1.000000000000000000, 0.0000000000000000000, -0.0000000000000000000 ) ) ;
#1612 = VERTEX_POINT ( 'NONE', #1220 ) ;
#1613 = ORIENTED_EDGE ( 'NONE', *, *, #1231, .T. ) ;
#1614 = DIRECTION ( 'NONE',  ( 0.0000000000000000000, 0.0000000000000000000, 1.000000000000000000 ) ) ;
#1615 = DIRECTION ( 'NONE',  ( 0.0000000000000000000, -0.0000000000000000000, -1.000000000000000000 ) ) ;
#1616 = ORIENTED_EDGE ( 'NONE', *, *, #2406, .T. ) ;
#1617 = DIRECTION ( 'NONE',  ( -0.0000000000000000000, 0.0000000000000000000, -1.000000000000000000 ) ) ;
#1618 = CARTESIAN_POINT ( 'NONE',  ( -0.2299999999999999500, 0.4000000000000000200, -0.3800000000000000000 ) ) ;
#1619 = COLOUR_RGB ( '',0.7921568627450980000, 0.8196078431372548800, 0.9333333333333333500 ) ;
#1620 = ORIENTED_EDGE ( 'NONE', *, *, #149, .T. ) ;
#1621 = DIRECTION ( 'NONE',  ( -1.000000000000000000, 0.0000000000000000000, 0.0000000000000000000 ) ) ;
#1622 = VECTOR ( 'NONE', #1432, 1000.000000000000000 ) ;
#1623 = ORIENTED_EDGE ( 'NONE', *, *, #92, .F. ) ;
#1624 = LINE ( 'NONE', #217, #280 ) ;
#1625 = ORIENTED_EDGE ( 'NONE', *, *, #1365, .T. ) ;
#1626 = CARTESIAN_POINT ( 'NONE',  ( -0.09999999999999796600, 0.01999999999999999700, -0.3000000000000000400 ) ) ;
#1627 = VERTEX_POINT ( 'NONE', #1309 ) ;
#1628 = AXIS2_PLACEMENT_3D ( 'NONE', #57, #206, #218 ) ;
#1629 = ADVANCED_FACE ( 'NONE', ( #2099 ), #1126, .F. ) ;
#1630 = FACE_OUTER_BOUND ( 'NONE', #2457, .T. ) ;
#1631 = EDGE_CURVE ( 'NONE', #903, #986, #1942, .T. ) ;
#1632 = CARTESIAN_POINT ( 'NONE',  ( -0.3499999999999999200, 0.1020000000000000100, -0.07000000000000007600 ) ) ;
#1633 = EDGE_CURVE ( 'NONE', #2261, #25, #2595, .T. ) ;
#1634 = ORIENTED_EDGE ( 'NONE', *, *, #567, .F. ) ;
#1635 = CARTESIAN_POINT ( 'NONE',  ( 0.3000000000000082000, 0.3028427124746300200, 0.5000000000000000000 ) ) ;
#1636 = LINE ( 'NONE', #1377, #2300 ) ;
#1637 = DIRECTION ( 'NONE',  ( -0.0000000000000000000, 0.0000000000000000000, -1.000000000000000000 ) ) ;
#1638 = AXIS2_PLACEMENT_3D ( 'NONE', #2584, #2596, #2351 ) ;
#1639 = VECTOR ( 'NONE', #2853, 1000.000000000000000 ) ;
#1640 = CARTESIAN_POINT ( 'NONE',  ( -0.2299999999999999500, 0.3000000000000000400, -0.4300000000000000500 ) ) ;
#1641 = LINE ( 'NONE', #873, #2796 ) ;
#1642 = PLANE ( 'NONE',  #1650 ) ;
#1643 = LINE ( 'NONE', #24, #295 ) ;
#1644 = CARTESIAN_POINT ( 'NONE',  ( -0.3499999999999999200, 0.0000000000000000000, 0.06999999999999996500 ) ) ;
#1645 = ORIENTED_EDGE ( 'NONE', *, *, #1250, .F. ) ;
#1646 = VECTOR ( 'NONE', #761, 1000.000000000000000 ) ;
#1647 = DIRECTION ( 'NONE',  ( -0.0000000000000000000, 0.0000000000000000000, -1.000000000000000000 ) ) ;
#1648 = DIRECTION ( 'NONE',  ( 0.0000000000000000000, -1.000000000000000000, 0.0000000000000000000 ) ) ;
#1649 = ADVANCED_FACE ( 'NONE', ( #1273 ), #1430, .F. ) ;
#1650 = AXIS2_PLACEMENT_3D ( 'NONE', #2149, #1408, #644 ) ;
#1651 = EDGE_CURVE ( 'NONE', #2605, #2729, #1850, .T. ) ;
#1652 = CARTESIAN_POINT ( 'NONE',  ( -0.2499999999999999400, 0.0000000000000000000, 0.0000000000000000000 ) ) ;
#1653 = DIRECTION ( 'NONE',  ( -0.0000000000000000000, -1.000000000000000000, -0.0000000000000000000 ) ) ;
#1654 = VECTOR ( 'NONE', #1554, 1000.000000000000000 ) ;
#1655 = ORIENTED_EDGE ( 'NONE', *, *, #497, .F. ) ;
#1656 = FILL_AREA_STYLE_COLOUR ( '', #1619 ) ;
#1657 = VERTEX_POINT ( 'NONE', #1588 ) ;
#1658 = AXIS2_PLACEMENT_3D ( 'NONE', #1747, #1960, #1973 ) ;
#1659 = EDGE_LOOP ( 'NONE', ( #1882, #2705, #170, #2964 ) ) ;
#1660 = EDGE_LOOP ( 'NONE', ( #3132, #2492, #410, #2389 ) ) ;
#1661 = CARTESIAN_POINT ( 'NONE',  ( -0.1023212946968994200, 0.1019999999999999900, -0.07000000000000007600 ) ) ;
#1662 = ORIENTED_EDGE ( 'NONE', *, *, #553, .T. ) ;
#1663 = CARTESIAN_POINT ( 'NONE',  ( 0.3500000000000000300, 0.05500000000000000700, 0.0000000000000000000 ) ) ;
#1664 = ADVANCED_FACE ( 'NONE', ( #1199 ), #1453, .F. ) ;
#1665 = CARTESIAN_POINT ( 'NONE',  ( -0.3000000000000092600, 0.3028427124746300200, 0.1000000000000000500 ) ) ;
#1666 = DIRECTION ( 'NONE',  ( 0.0000000000000000000, 1.000000000000000000, -0.0000000000000000000 ) ) ;
#1667 = FACE_OUTER_BOUND ( 'NONE', #927, .T. ) ;
#1668 =( NAMED_UNIT ( * ) SI_UNIT ( $, .STERADIAN. ) SOLID_ANGLE_UNIT ( ) );
#1669 = ORIENTED_EDGE ( 'NONE', *, *, #1538, .F. ) ;
#1670 = LINE ( 'NONE', #1318, #2972 ) ;
#1671 = ORIENTED_EDGE ( 'NONE', *, *, #742, .F. ) ;
#1672 = ORIENTED_EDGE ( 'NONE', *, *, #346, .F. ) ;
#1673 = CARTESIAN_POINT ( 'NONE',  ( 0.0000000000000000000, 0.02000000000000000000, 0.0000000000000000000 ) ) ;
#1674 = VECTOR ( 'NONE', #334, 1000.000000000000000 ) ;
#1675 = DIRECTION ( 'NONE',  ( 0.0000000000000000000, 0.0000000000000000000, -1.000000000000000000 ) ) ;
#1676 = DIRECTION ( 'NONE',  ( 0.0000000000000000000, -1.000000000000000000, 0.0000000000000000000 ) ) ;
#1677 = PLANE ( 'NONE',  #636 ) ;
#1678 = DIRECTION ( 'NONE',  ( 0.0000000000000000000, -0.0000000000000000000, 1.000000000000000000 ) ) ;
#1679 = CARTESIAN_POINT ( 'NONE',  ( -0.2499999999999999400, 0.05500000000000000700, 0.4700000000000000300 ) ) ;
#1680 = CARTESIAN_POINT ( 'NONE',  ( 0.1023212946968995300, 0.1019999999999999900, 0.06999999999999996500 ) ) ;
#1681 = LINE ( 'NONE', #1459, #1006 ) ;
#1682 = DIRECTION ( 'NONE',  ( 0.0000000000000000000, 1.000000000000000000, 0.0000000000000000000 ) ) ;
#1683 = ADVANCED_FACE ( 'NONE', ( #3065 ), #1580, .F. ) ;
#1684 = CLOSED_SHELL ( 'NONE', ( #2444, #157, #1169, #2683 ) ) ;
#1685 = VECTOR ( 'NONE', #1774, 1000.000000000000000 ) ;
#1686 = CARTESIAN_POINT ( 'NONE',  ( 0.2500000000000000600, 0.05500000000000000700, 0.06999999999999996500 ) ) ;
#1687 = FACE_OUTER_BOUND ( 'NONE', #244, .T. ) ;
#1688 = DIRECTION ( 'NONE',  ( 0.0000000000000000000, 1.000000000000000000, 0.0000000000000000000 ) ) ;
#1689 = EDGE_LOOP ( 'NONE', ( #2827, #3206, #514, #2554 ) ) ;
#1690 = DIRECTION ( 'NONE',  ( -1.000000000000000000, 0.0000000000000000000, 0.0000000000000000000 ) ) ;
#1691 = CARTESIAN_POINT ( 'NONE',  ( 0.2500000000000000600, 0.0000000000000000000, -0.07000000000000007600 ) ) ;
#1692 = ORIENTED_EDGE ( 'NONE', *, *, #2565, .T. ) ;
#1693 = ORIENTED_EDGE ( 'NONE', *, *, #2072, .T. ) ;
#1694 = ORIENTED_EDGE ( 'NONE', *, *, #1526, .F. ) ;
#1695 = AXIS2_PLACEMENT_3D ( 'NONE', #2067, #3099, #880 ) ;
#1696 = EDGE_CURVE ( 'NONE', #2578, #2622, #2520, .T. ) ;
#1697 = EDGE_CURVE ( 'NONE', #2941, #1847, #3145, .T. ) ;
#1698 = ORIENTED_EDGE ( 'NONE', *, *, #511, .T. ) ;
#1699 = ADVANCED_FACE ( 'NONE', ( #1784 ), #318, .F. ) ;
#1700 = DIRECTION ( 'NONE',  ( 0.0000000000000000000, 0.0000000000000000000, 1.000000000000000000 ) ) ;
#1701 = MECHANICAL_DESIGN_GEOMETRIC_PRESENTATION_REPRESENTATION (  '', ( #683 ), #1854 ) ;
#1702 = CARTESIAN_POINT ( 'NONE',  ( -0.2499999999999999400, 0.1019999999999999900, 0.06999999999999996500 ) ) ;
#1703 =( NAMED_UNIT ( * ) SI_UNIT ( $, .STERADIAN. ) SOLID_ANGLE_UNIT ( ) );
#1704 = LINE ( 'NONE', #1384, #345 ) ;
#1705 = ORIENTED_EDGE ( 'NONE', *, *, #2725, .T. ) ;
#1706 = LINE ( 'NONE', #301, #443 ) ;
#1707 = PLANE ( 'NONE',  #1079 ) ;
#1708 = CARTESIAN_POINT ( 'NONE',  ( -0.2499999999999999400, 0.05500000000000000700, -0.07000000000000007600 ) ) ;
#1709 = VERTEX_POINT ( 'NONE', #7 ) ;
#1710 = EDGE_LOOP ( 'NONE', ( #583, #1511, #3215, #2264 ) ) ;
#1711 =( NAMED_UNIT ( * ) SI_UNIT ( $, .STERADIAN. ) SOLID_ANGLE_UNIT ( ) );
#1712 = ORIENTED_EDGE ( 'NONE', *, *, #3049, .T. ) ;
#1713 = CARTESIAN_POINT ( 'NONE',  ( 0.1023212946968995300, 0.05500000000000000700, 0.06999999999999996500 ) ) ;
#1714 = ADVANCED_FACE ( 'NONE', ( #2997 ), #1575, .F. ) ;
#1715 = EDGE_CURVE ( 'NONE', #2709, #2904, #1706, .T. ) ;
#1716 = LINE ( 'NONE', #3136, #287 ) ;
#1717 = EDGE_CURVE ( 'NONE', #1227, #1293, #2441, .T. ) ;
#1718 = VECTOR ( 'NONE', #2829, 1000.000000000000000 ) ;
#1719 = CARTESIAN_POINT ( 'NONE',  ( 0.2999999999999998800, 0.3028427124746300200, -0.5000000000000000000 ) ) ;
#1720 =( GEOMETRIC_REPRESENTATION_CONTEXT ( 3 ) GLOBAL_UNCERTAINTY_ASSIGNED_CONTEXT ( ( #3198 ) ) GLOBAL_UNIT_ASSIGNED_CONTEXT ( ( #1393, #1509, #1517 ) ) REPRESENTATION_CONTEXT ( 'NONE', 'WORKASPACE' ) );
#1721 = LINE ( 'NONE', #562, #1046 ) ;
#1722 = DIRECTION ( 'NONE',  ( -1.000000000000000000, 0.0000000000000000000, 0.0000000000000000000 ) ) ;
#1723 = CARTESIAN_POINT ( 'NONE',  ( 0.2500000000000000600, 0.05500000000000000700, -0.4700000000000001400 ) ) ;
#1724 = LINE ( 'NONE', #2098, #1049 ) ;
#1725 = DIRECTION ( 'NONE',  ( 0.0000000000000000000, 0.0000000000000000000, 1.000000000000000000 ) ) ;
#1726 = CARTESIAN_POINT ( 'NONE',  ( 0.1023212946968995300, 0.05500000000000000700, 0.3300000000000000200 ) ) ;
#1727 = PLANE ( 'NONE',  #2428 ) ;
#1728 = LINE ( 'NONE', #5, #377 ) ;
#1729 = DIRECTION ( 'NONE',  ( -1.000000000000000000, 0.0000000000000000000, -0.0000000000000000000 ) ) ;
#1730 = ADVANCED_FACE ( 'NONE', ( #2292 ), #442, .F. ) ;
#1731 = ORIENTED_EDGE ( 'NONE', *, *, #1717, .F. ) ;
#1732 = CARTESIAN_POINT ( 'NONE',  ( -0.2499999999999999400, 0.0000000000000000000, 0.0000000000000000000 ) ) ;
#1733 = CARTESIAN_POINT ( 'NONE',  ( -0.3000000000000135300, 0.3028427124746300200, -0.4999999999999998900 ) ) ;
#1734 = LINE ( 'NONE', #3013, #1654 ) ;
#1735 = VERTEX_POINT ( 'NONE', #1939 ) ;
#1736 = CARTESIAN_POINT ( 'NONE',  ( 0.1023212946968995300, 0.1019999999999999900, -0.07000000000000007600 ) ) ;
#1737 = ORIENTED_EDGE ( 'NONE', *, *, #2891, .T. ) ;
#1738 = CARTESIAN_POINT ( 'NONE',  ( 0.3500000000000000300, 0.05499999999999998600, -0.3300000000000001300 ) ) ;
#1739 = ORIENTED_EDGE ( 'NONE', *, *, #1745, .T. ) ;
#1740 = DIRECTION ( 'NONE',  ( 0.0000000000000000000, 1.000000000000000000, 0.0000000000000000000 ) ) ;
#1741 = VECTOR ( 'NONE', #1954, 1000.000000000000000 ) ;
#1742 = ORIENTED_EDGE ( 'NONE', *, *, #2581, .F. ) ;
#1743 = AXIS2_PLACEMENT_3D ( 'NONE', #1713, #1866, #1878 ) ;
#1744 = ORIENTED_EDGE ( 'NONE', *, *, #2786, .F. ) ;
#1745 = EDGE_CURVE ( 'NONE', #433, #1028, #2366, .T. ) ;
#1746 = EDGE_CURVE ( 'NONE', #848, #1966, #1624, .T. ) ;
#1747 = CARTESIAN_POINT ( 'NONE',  ( 0.0000000000000000000, 0.02000000000000000000, 0.0000000000000000000 ) ) ;
#1748 = DIRECTION ( 'NONE',  ( 0.0000000000000000000, -1.000000000000000000, 0.0000000000000000000 ) ) ;
#1749 = FACE_OUTER_BOUND ( 'NONE', #2288, .T. ) ;
#1750 = DIRECTION ( 'NONE',  ( 1.000000000000000000, 0.0000000000000000000, -0.0000000000000000000 ) ) ;
#1751 = ADVANCED_FACE ( 'NONE', ( #2936 ), #70, .F. ) ;
#1752 = ORIENTED_EDGE ( 'NONE', *, *, #1306, .T. ) ;
#1753 = ORIENTED_EDGE ( 'NONE', *, *, #784, .F. ) ;
#1754 = FACE_OUTER_BOUND ( 'NONE', #2313, .T. ) ;
#1755 = ORIENTED_EDGE ( 'NONE', *, *, #471, .F. ) ;
#1756 = DIRECTION ( 'NONE',  ( 0.0000000000000000000, 1.000000000000000000, 0.0000000000000000000 ) ) ;
#1757 = UNCERTAINTY_MEASURE_WITH_UNIT (LENGTH_MEASURE( 1.000000000000000100E-005 ), #544, 'distance_accuracy_value', 'NONE');
#1758 = VECTOR ( 'NONE', #1132, 1000.000000000000000 ) ;
#1759 = DIRECTION ( 'NONE',  ( 0.0000000000000000000, -0.0000000000000000000, -1.000000000000000000 ) ) ;
#1760 = DIRECTION ( 'NONE',  ( -0.0000000000000000000, 0.0000000000000000000, -1.000000000000000000 ) ) ;
#1761 = DIRECTION ( 'NONE',  ( -1.000000000000000000, 0.0000000000000000000, -0.0000000000000000000 ) ) ;
#1762 = CARTESIAN_POINT ( 'NONE',  ( 0.3500000000000000300, 0.05500000000000000700, 0.3300000000000000200 ) ) ;
#1763 = AXIS2_PLACEMENT_3D ( 'NONE', #2679, #1903, #336 ) ;
#1764 = EDGE_CURVE ( 'NONE', #1022, #447, #956, .T. ) ;
#1765 = EDGE_CURVE ( 'NONE', #1251, #3098, #2222, .T. ) ;
#1766 = FACE_OUTER_BOUND ( 'NONE', #1285, .T. ) ;
#1767 =( GEOMETRIC_REPRESENTATION_CONTEXT ( 3 ) GLOBAL_UNCERTAINTY_ASSIGNED_CONTEXT ( ( #323 ) ) GLOBAL_UNIT_ASSIGNED_CONTEXT ( ( #178, #200, #186 ) ) REPRESENTATION_CONTEXT ( 'NONE', 'WORKASPACE' ) );
#1768 = ADVANCED_FACE ( 'NONE', ( #2135 ), #253, .F. ) ;
#1769 = AXIS2_PLACEMENT_3D ( 'NONE', #1964, #460, #2224 ) ;
#1770 = FACE_OUTER_BOUND ( 'NONE', #305, .T. ) ;
#1771 = DIRECTION ( 'NONE',  ( 1.000000000000000000, 0.0000000000000000000, -0.0000000000000000000 ) ) ;
#1772 = ORIENTED_EDGE ( 'NONE', *, *, #3117, .F. ) ;
#1773 = ORIENTED_EDGE ( 'NONE', *, *, #89, .T. ) ;
#1774 = DIRECTION ( 'NONE',  ( 0.0000000000000000000, 0.0000000000000000000, -1.000000000000000000 ) ) ;
#1775 = ORIENTED_EDGE ( 'NONE', *, *, #936, .T. ) ;
#1776 = EDGE_LOOP ( 'NONE', ( #3003, #1054, #2217, #1520 ) ) ;
#1777 = EDGE_CURVE ( 'NONE', #2123, #1356, #881, .T. ) ;
#1778 = DIRECTION ( 'NONE',  ( 0.0000000000000000000, 0.0000000000000000000, 1.000000000000000000 ) ) ;
#1779 = ADVANCED_FACE ( 'NONE', ( #122 ), #482, .T. ) ;
#1780 = AXIS2_PLACEMENT_3D ( 'NONE', #1452, #1595, #1599 ) ;
#1781 = LINE ( 'NONE', #1867, #2360 ) ;
#1782 = DIRECTION ( 'NONE',  ( 0.0000000000000000000, 1.000000000000000000, 0.0000000000000000000 ) ) ;
#1783 = ORIENTED_EDGE ( 'NONE', *, *, #1469, .T. ) ;
#1784 = FACE_OUTER_BOUND ( 'NONE', #1956, .T. ) ;
#1785 = ORIENTED_EDGE ( 'NONE', *, *, #2271, .T. ) ;
#1786 = ORIENTED_EDGE ( 'NONE', *, *, #2048, .F. ) ;
#1787 = VERTEX_POINT ( 'NONE', #904 ) ;
#1788 = DIRECTION ( 'NONE',  ( 0.0000000000000000000, 0.0000000000000000000, 1.000000000000000000 ) ) ;
#1789 = FACE_OUTER_BOUND ( 'NONE', #2016, .T. ) ;
#1790 = LINE ( 'NONE', #2805, #2948 ) ;
#1791 = CARTESIAN_POINT ( 'NONE',  ( -0.1000000000000012700, 0.0000000000000000000, 0.3000000000000000400 ) ) ;
#1792 = LINE ( 'NONE', #120, #462 ) ;
#1793 = SURFACE_SIDE_STYLE ('',( #1295 ) ) ;
#1794 = EDGE_CURVE ( 'NONE', #3019, #204, #794, .T. ) ;
#1795 = EDGE_CURVE ( 'NONE', #2387, #2432, #1545, .T. ) ;
#1796 = LINE ( 'NONE', #2576, #3164 ) ;
#1797 = DIRECTION ( 'NONE',  ( 0.0000000000000000000, 1.000000000000000000, 0.0000000000000000000 ) ) ;
#1798 = LINE ( 'NONE', #2990, #3011 ) ;
#1799 = AXIS2_PLACEMENT_3D ( 'NONE', #341, #596, #2359 ) ;
#1800 = ORIENTED_EDGE ( 'NONE', *, *, #1922, .T. ) ;
#1801 = ORIENTED_EDGE ( 'NONE', *, *, #699, .F. ) ;
#1802 = CARTESIAN_POINT ( 'NONE',  ( -0.2299999999999999500, 0.3000000000000000400, -0.3800000000000000000 ) ) ;
#1803 = CARTESIAN_POINT ( 'NONE',  ( -0.3499999999999999200, 0.05499999999999998600, 0.4700000000000000300 ) ) ;
#1804 = ORIENTED_EDGE ( 'NONE', *, *, #310, .T. ) ;
#1805 = FILL_AREA_STYLE_COLOUR ( '', #1948 ) ;
#1806 = LINE ( 'NONE', #2452, #1741 ) ;
#1807 = VERTEX_POINT ( 'NONE', #343 ) ;
#1808 = EDGE_CURVE ( 'NONE', #2387, #3184, #31, .T. ) ;
#1809 = DIRECTION ( 'NONE',  ( 0.0000000000000000000, 1.000000000000000000, 0.0000000000000000000 ) ) ;
#1810 = DIRECTION ( 'NONE',  ( 0.0000000000000000000, 0.0000000000000000000, 1.000000000000000000 ) ) ;
#1811 = PLANE ( 'NONE',  #2545 ) ;
#1812 = LINE ( 'NONE', #3045, #2405 ) ;
#1813 = DIRECTION ( 'NONE',  ( 0.0000000000000000000, 1.000000000000000000, 0.0000000000000000000 ) ) ;
#1814 = ORIENTED_EDGE ( 'NONE', *, *, #1001, .T. ) ;
#1815 = EDGE_LOOP ( 'NONE', ( #1441, #2491, #787, #2462 ) ) ;
#1816 = VECTOR ( 'NONE', #1760, 1000.000000000000000 ) ;
#1817 = DIRECTION ( 'NONE',  ( 0.0000000000000000000, -1.000000000000000000, 0.0000000000000000000 ) ) ;
#1818 = ORIENTED_EDGE ( 'NONE', *, *, #953, .F. ) ;
#1819 = CARTESIAN_POINT ( 'NONE',  ( 0.3000000000000040400, 0.0000000000000000000, 0.0000000000000000000 ) ) ;
#1820 = VECTOR ( 'NONE', #1189, 1000.000000000000000 ) ;
#1821 = DIRECTION ( 'NONE',  ( -0.0000000000000000000, -0.0000000000000000000, -1.000000000000000000 ) ) ;
#1822 = PLANE ( 'NONE',  #3001 ) ;
#1823 = FILL_AREA_STYLE_COLOUR ( '', #2916 ) ;
#1824 = LINE ( 'NONE', #1958, #3194 ) ;
#1825 = ORIENTED_EDGE ( 'NONE', *, *, #2843, .T. ) ;
#1826 = FACE_OUTER_BOUND ( 'NONE', #1933, .T. ) ;
#1827 = DIRECTION ( 'NONE',  ( -0.0000000000000000000, 0.0000000000000000000, -1.000000000000000000 ) ) ;
#1828 = CARTESIAN_POINT ( 'NONE',  ( -0.3499999999999999200, 0.1020000000000000900, 0.5500000000000000400 ) ) ;
#1829 = AXIS2_PLACEMENT_3D ( 'NONE', #738, #1360, #1090 ) ;
#1830 = CARTESIAN_POINT ( 'NONE',  ( 0.3000000000000040400, 0.3028427124746300200, -0.09999999999999999200 ) ) ;
#1831 = DIRECTION ( 'NONE',  ( -1.000000000000000000, 0.0000000000000000000, -0.0000000000000000000 ) ) ;
#1832 = ORIENTED_EDGE ( 'NONE', *, *, #498, .F. ) ;
#1833 = DIRECTION ( 'NONE',  ( -0.0000000000000000000, 1.000000000000000000, 0.0000000000000000000 ) ) ;
#1834 = EDGE_LOOP ( 'NONE', ( #1705, #2597, #3056, #825 ) ) ;
#1835 = CLOSED_SHELL ( 'NONE', ( #2760, #687, #387, #3125, #2872, #1730 ) ) ;
#1836 = UNCERTAINTY_MEASURE_WITH_UNIT (LENGTH_MEASURE( 1.000000000000000100E-005 ), #2051, 'distance_accuracy_value', 'NONE');
#1837 = PRESENTATION_STYLE_ASSIGNMENT (( #2245 ) ) ;
#1838 = ORIENTED_EDGE ( 'NONE', *, *, #2488, .F. ) ;
#1839 = CARTESIAN_POINT ( 'NONE',  ( 0.2500000000000000600, 0.05500000000000000700, 0.3300000000000000200 ) ) ;
#1840 = CARTESIAN_POINT ( 'NONE',  ( -0.2299999999999999500, 0.3000000000000000400, -0.4300000000000000500 ) ) ;
#1841 = VECTOR ( 'NONE', #1851, 1000.000000000000000 ) ;
#1842 = DIRECTION ( 'NONE',  ( 0.0000000000000000000, -0.0000000000000000000, -1.000000000000000000 ) ) ;
#1843 = DIRECTION ( 'NONE',  ( 0.0000000000000000000, 1.000000000000000000, 0.0000000000000000000 ) ) ;
#1844 = CLOSED_SHELL ( 'NONE', ( #2697, #2279, #2967, #2234, #242, #1004 ) ) ;
#1845 = PRESENTATION_STYLE_ASSIGNMENT (( #1913 ) ) ;
#1846 = EDGE_CURVE ( 'NONE', #1379, #2645, #1383, .T. ) ;
#1847 = VERTEX_POINT ( 'NONE', #291 ) ;
#1848 = EDGE_CURVE ( 'NONE', #982, #1366, #1480, .T. ) ;
#1849 = PLANE ( 'NONE',  #1743 ) ;
#1850 = LINE ( 'NONE', #1464, #1344 ) ;
#1851 = DIRECTION ( 'NONE',  ( -1.000000000000000000, -0.0000000000000000000, -0.0000000000000000000 ) ) ;
#1852 = ORIENTED_EDGE ( 'NONE', *, *, #2090, .F. ) ;
#1853 = ORIENTED_EDGE ( 'NONE', *, *, #3118, .T. ) ;
#1854 =( GEOMETRIC_REPRESENTATION_CONTEXT ( 3 ) GLOBAL_UNCERTAINTY_ASSIGNED_CONTEXT ( ( #929 ) ) GLOBAL_UNIT_ASSIGNED_CONTEXT ( ( #806, #2553, #1065 ) ) REPRESENTATION_CONTEXT ( 'NONE', 'WORKASPACE' ) );
#1855 = AXIS2_PLACEMENT_3D ( 'NONE', #261, #2765, #1280 ) ;
#1856 = CARTESIAN_POINT ( 'NONE',  ( -0.3499999999999999200, 2.103840481040530000, -0.5500000000000000400 ) ) ;
#1857 = PRESENTATION_STYLE_ASSIGNMENT (( #2317 ) ) ;
#1858 = ORIENTED_EDGE ( 'NONE', *, *, #2763, .F. ) ;
#1859 = CARTESIAN_POINT ( 'NONE',  ( 0.1000000000000040400, 0.0000000000000000000, 0.0000000000000000000 ) ) ;
#1860 = DIRECTION ( 'NONE',  ( 1.000000000000000000, -0.0000000000000000000, 0.0000000000000000000 ) ) ;
#1861 = LINE ( 'NONE', #2917, #1043 ) ;
#1862 = CARTESIAN_POINT ( 'NONE',  ( 0.0000000000000000000, 0.0000000000000000000, 0.0000000000000000000 ) ) ;
#1863 = DIRECTION ( 'NONE',  ( 0.0000000000000000000, 0.0000000000000000000, 1.000000000000000000 ) ) ;
#1864 = LINE ( 'NONE', #2447, #1210 ) ;
#1865 = CARTESIAN_POINT ( 'NONE',  ( 0.3000000000000040400, 0.01999999999999999700, 0.09999999999999993600 ) ) ;
#1866 = DIRECTION ( 'NONE',  ( 0.0000000000000000000, 0.0000000000000000000, 1.000000000000000000 ) ) ;
#1867 = CARTESIAN_POINT ( 'NONE',  ( -0.1023212946968994200, 0.1019999999999999900, 0.06999999999999996500 ) ) ;
#1868 = LINE ( 'NONE', #235, #3079 ) ;
#1869 = ORIENTED_EDGE ( 'NONE', *, *, #2953, .F. ) ;
#1870 = ADVANCED_FACE ( 'NONE', ( #2551 ), #413, .F. ) ;
#1871 = FACE_OUTER_BOUND ( 'NONE', #338, .T. ) ;
#1872 = CARTESIAN_POINT ( 'NONE',  ( 0.2999999999999998800, 0.3028427124746300200, -0.5000000000000000000 ) ) ;
#1873 = EDGE_CURVE ( 'NONE', #1427, #2621, #1897, .T. ) ;
#1874 = FILL_AREA_STYLE_COLOUR ( '', #2517 ) ;
#1875 = EDGE_CURVE ( 'NONE', #3059, #752, #633, .T. ) ;
#1876 = LINE ( 'NONE', #3088, #540 ) ;
#1877 = DIRECTION ( 'NONE',  ( 0.0000000000000000000, 0.0000000000000000000, 1.000000000000000000 ) ) ;
#1878 = DIRECTION ( 'NONE',  ( 1.000000000000000000, 0.0000000000000000000, -0.0000000000000000000 ) ) ;
#1879 = ORIENTED_EDGE ( 'NONE', *, *, #2249, .F. ) ;
#1880 = PLANE ( 'NONE',  #2792 ) ;
#1881 = CARTESIAN_POINT ( 'NONE',  ( -0.2299999999999999500, 0.4000000000000000200, -0.4300000000000000500 ) ) ;
#1882 = ORIENTED_EDGE ( 'NONE', *, *, #1846, .F. ) ;
#1883 = ORIENTED_EDGE ( 'NONE', *, *, #450, .F. ) ;
#1884 = DIRECTION ( 'NONE',  ( 0.0000000000000000000, 1.000000000000000000, 0.0000000000000000000 ) ) ;
#1885 = ORIENTED_EDGE ( 'NONE', *, *, #1423, .T. ) ;
#1886 = DIRECTION ( 'NONE',  ( -1.070649645329435800E-014, 0.0000000000000000000, -1.000000000000000000 ) ) ;
#1887 = ORIENTED_EDGE ( 'NONE', *, *, #1423, .F. ) ;
#1888 = MANIFOLD_SOLID_BREP ( 'Boss-Extrude2[6]', #152 ) ;
#1889 = DIRECTION ( 'NONE',  ( 5.421010862427521200E-016, -0.0000000000000000000, 1.000000000000000000 ) ) ;
#1890 = LINE ( 'NONE', #2907, #1145 ) ;
#1891 = ADVANCED_FACE ( 'NONE', ( #1667 ), #1901, .F. ) ;
#1892 = CARTESIAN_POINT ( 'NONE',  ( 0.0000000000000000000, 0.0000000000000000000, 0.0000000000000000000 ) ) ;
#1893 = DIRECTION ( 'NONE',  ( 1.000000000000000000, 0.0000000000000000000, -5.421010862427521200E-016 ) ) ;
#1894 = EDGE_LOOP ( 'NONE', ( #1931, #948, #1237, #1508 ) ) ;
#1895 = PLANE ( 'NONE',  #2810 ) ;
#1896 = CARTESIAN_POINT ( 'NONE',  ( 0.2500000000000000600, 0.1019999999999999900, -0.3300000000000001300 ) ) ;
#1897 = LINE ( 'NONE', #964, #1979 ) ;
#1898 = ORIENTED_EDGE ( 'NONE', *, *, #1746, .T. ) ;
#1899 = FILL_AREA_STYLE ('',( #1874 ) ) ;
#1900 = ORIENTED_EDGE ( 'NONE', *, *, #1095, .F. ) ;
#1901 = PLANE ( 'NONE',  #2233 ) ;
#1902 = VECTOR ( 'NONE', #1479, 1000.000000000000000 ) ;
#1903 = DIRECTION ( 'NONE',  ( 0.0000000000000000000, -1.000000000000000000, 0.0000000000000000000 ) ) ;
#1904 = EDGE_CURVE ( 'NONE', #903, #782, #311, .T. ) ;
#1905 = SURFACE_SIDE_STYLE ('',( #590 ) ) ;
#1906 = EDGE_CURVE ( 'NONE', #2973, #525, #2259, .T. ) ;
#1907 = EDGE_LOOP ( 'NONE', ( #2560, #1672, #751, #98 ) ) ;
#1908 = PLANE ( 'NONE',  #2070 ) ;
#1909 =( NAMED_UNIT ( * ) PLANE_ANGLE_UNIT ( ) SI_UNIT ( $, .RADIAN. ) );
#1910 = VECTOR ( 'NONE', #380, 1000.000000000000000 ) ;
#1911 = ADVANCED_FACE ( 'NONE', ( #2820, #2898, #1581, #245 ), #1811, .F. ) ;
#1912 = SURFACE_STYLE_FILL_AREA ( #1500 ) ;
#1913 = SURFACE_STYLE_USAGE ( .BOTH. , #1905 ) ;
#1914 = DIRECTION ( 'NONE',  ( 0.0000000000000000000, 1.000000000000000000, 0.0000000000000000000 ) ) ;
#1915 =( LENGTH_UNIT ( ) NAMED_UNIT ( * ) SI_UNIT ( .MILLI., .METRE. ) );
#1916 = LINE ( 'NONE', #2500, #1245 ) ;
#1917 = DIRECTION ( 'NONE',  ( 0.0000000000000000000, 0.0000000000000000000, 1.000000000000000000 ) ) ;
#1918 = VECTOR ( 'NONE', #1204, 1000.000000000000000 ) ;
#1919 = DIRECTION ( 'NONE',  ( -1.000000000000000000, 0.0000000000000000000, -0.0000000000000000000 ) ) ;
#1920 = PRESENTATION_LAYER_ASSIGNMENT (  '', '', ( #1582 ) ) ;
#1921 =( NAMED_UNIT ( * ) PLANE_ANGLE_UNIT ( ) SI_UNIT ( $, .RADIAN. ) );
#1922 = EDGE_CURVE ( 'NONE', #3085, #2995, #163, .T. ) ;
#1923 = EDGE_CURVE ( 'NONE', #2995, #2253, #832, .T. ) ;
#1924 = ORIENTED_EDGE ( 'NONE', *, *, #568, .T. ) ;
#1925 = ADVANCED_FACE ( 'NONE', ( #2740 ), #2076, .T. ) ;
#1926 =( NAMED_UNIT ( * ) SI_UNIT ( $, .STERADIAN. ) SOLID_ANGLE_UNIT ( ) );
#1927 = DIRECTION ( 'NONE',  ( 0.0000000000000000000, 1.000000000000000000, 0.0000000000000000000 ) ) ;
#1928 = ORIENTED_EDGE ( 'NONE', *, *, #192, .F. ) ;
#1929 = CARTESIAN_POINT ( 'NONE',  ( -0.3499999999999999200, 0.3999999999999999700, -0.5500000000000000400 ) ) ;
#1930 = LINE ( 'NONE', #2960, #3204 ) ;
#1931 = ORIENTED_EDGE ( 'NONE', *, *, #2526, .F. ) ;
#1932 = CARTESIAN_POINT ( 'NONE',  ( -0.3499999999999999200, 0.1019999999999999900, -0.07000000000000007600 ) ) ;
#1933 = EDGE_LOOP ( 'NONE', ( #1852, #2216, #1924, #1712 ) ) ;
#1934 = CARTESIAN_POINT ( 'NONE',  ( -0.3499999999999999200, 2.103840481040530000, -0.5500000000000000400 ) ) ;
#1935 = CARTESIAN_POINT ( 'NONE',  ( -0.2499999999999999400, 0.1019999999999999900, -0.4700000000000001400 ) ) ;
#1936 = FACE_OUTER_BOUND ( 'NONE', #355, .T. ) ;
#1937 = DIRECTION ( 'NONE',  ( 0.0000000000000000000, -0.0000000000000000000, 1.000000000000000000 ) ) ;
#1938 = LINE ( 'NONE', #1865, #760 ) ;
#1939 = CARTESIAN_POINT ( 'NONE',  ( 0.3500000000000000300, 0.02000000000000003900, -0.5500000000000000400 ) ) ;
#1940 = FILL_AREA_STYLE_COLOUR ( '', #29 ) ;
#1941 = EDGE_LOOP ( 'NONE', ( #2884, #3066, #2171, #3051 ) ) ;
#1942 = LINE ( 'NONE', #1296, #3216 ) ;
#1943 = ADVANCED_FACE ( 'NONE', ( #2181 ), #1447, .F. ) ;
#1944 = ORIENTED_EDGE ( 'NONE', *, *, #1583, .T. ) ;
#1945 = EDGE_CURVE ( 'NONE', #155, #2006, #1434, .T. ) ;
#1946 = ORIENTED_EDGE ( 'NONE', *, *, #2358, .F. ) ;
#1947 = PLANE ( 'NONE',  #1658 ) ;
#1948 = COLOUR_RGB ( '',0.2509803921568627400, 0.2509803921568627400, 0.2509803921568627400 ) ;
#1949 = CARTESIAN_POINT ( 'NONE',  ( 0.3000000000000082000, 0.01999999999999999700, 0.5000000000000000000 ) ) ;
#1950 = VECTOR ( 'NONE', #2435, 1000.000000000000000 ) ;
#1951 = UNCERTAINTY_MEASURE_WITH_UNIT (LENGTH_MEASURE( 1.000000000000000100E-005 ), #1411, 'distance_accuracy_value', 'NONE');
#1952 = LINE ( 'NONE', #2267, #1353 ) ;
#1953 = CARTESIAN_POINT ( 'NONE',  ( -0.2499999999999999400, 0.1019999999999999900, 0.4700000000000000300 ) ) ;
#1954 = DIRECTION ( 'NONE',  ( 1.355252715606880800E-016, -0.0000000000000000000, 1.000000000000000000 ) ) ;
#1955 = LINE ( 'NONE', #705, #1282 ) ;
#1956 = EDGE_LOOP ( 'NONE', ( #733, #2999, #1184, #158 ) ) ;
#1957 = VECTOR ( 'NONE', #2056, 1000.000000000000000 ) ;
#1958 = CARTESIAN_POINT ( 'NONE',  ( -0.1023212946968994200, 0.1019999999999999900, 0.3300000000000000200 ) ) ;
#1959 = ADVANCED_FACE ( 'NONE', ( #2671 ), #1567, .F. ) ;
#1960 = DIRECTION ( 'NONE',  ( 0.0000000000000000000, -1.000000000000000000, 0.0000000000000000000 ) ) ;
#1961 = VERTEX_POINT ( 'NONE', #1559 ) ;
#1962 = CARTESIAN_POINT ( 'NONE',  ( 0.3500000000000000300, 0.3999999999999999700, 0.5500000000000000400 ) ) ;
#1963 = FACE_OUTER_BOUND ( 'NONE', #1484, .T. ) ;
#1964 = CARTESIAN_POINT ( 'NONE',  ( 0.1023212946968995300, 0.05500000000000000700, -0.3300000000000001300 ) ) ;
#1965 = EDGE_LOOP ( 'NONE', ( #2483, #1853, #1101, #2588 ) ) ;
#1966 = VERTEX_POINT ( 'NONE', #1632 ) ;
#1967 = AXIS2_PLACEMENT_3D ( 'NONE', #246, #340, #350 ) ;
#1968 = EDGE_CURVE ( 'NONE', #996, #2887, #1340, .T. ) ;
#1969 = EDGE_CURVE ( 'NONE', #677, #681, #675, .T. ) ;
#1970 = PRESENTATION_STYLE_ASSIGNMENT (( #283 ) ) ;
#1971 = ORIENTED_EDGE ( 'NONE', *, *, #2406, .F. ) ;
#1972 = VERTEX_POINT ( 'NONE', #1708 ) ;
#1973 = DIRECTION ( 'NONE',  ( 0.0000000000000000000, -0.0000000000000000000, -1.000000000000000000 ) ) ;
#1974 = VECTOR ( 'NONE', #648, 1000.000000000000000 ) ;
#1975 = DIRECTION ( 'NONE',  ( -0.0000000000000000000, -0.0000000000000000000, -1.000000000000000000 ) ) ;
#1976 = ORIENTED_EDGE ( 'NONE', *, *, #898, .T. ) ;
#1977 = CARTESIAN_POINT ( 'NONE',  ( 0.3500000000000000300, 0.05499999999999998600, -0.07000000000000007600 ) ) ;
#1978 = ADVANCED_FACE ( 'NONE', ( #2014 ), #1677, .F. ) ;
#1979 = VECTOR ( 'NONE', #971, 1000.000000000000000 ) ;
#1980 = SURFACE_STYLE_USAGE ( .BOTH. , #2717 ) ;
#1981 = CARTESIAN_POINT ( 'NONE',  ( -0.3499999999999999200, 0.0000000000000000000, 0.0000000000000000000 ) ) ;
#1982 = EDGE_LOOP ( 'NONE', ( #419, #3144, #2825, #1655 ) ) ;
#1983 = ORIENTED_EDGE ( 'NONE', *, *, #1717, .T. ) ;
#1984 = DIRECTION ( 'NONE',  ( -1.000000000000000000, -0.0000000000000000000, 0.0000000000000000000 ) ) ;
#1985 = VECTOR ( 'NONE', #3151, 1000.000000000000000 ) ;
#1986 = LINE ( 'NONE', #1856, #3186 ) ;
#1987 = ORIENTED_EDGE ( 'NONE', *, *, #2464, .T. ) ;
#1988 = CARTESIAN_POINT ( 'NONE',  ( -0.2499999999999999400, 0.05500000000000000700, -0.07000000000000007600 ) ) ;
#1989 = FILL_AREA_STYLE ('',( #2715 ) ) ;
#1990 = EDGE_CURVE ( 'NONE', #2265, #1709, #1938, .T. ) ;
#1991 =( LENGTH_UNIT ( ) NAMED_UNIT ( * ) SI_UNIT ( .MILLI., .METRE. ) );
#1992 = AXIS2_PLACEMENT_3D ( 'NONE', #1892, #2127, #2146 ) ;
#1993 = MANIFOLD_SOLID_BREP ( 'Boss-Extrude2[4]', #2065 ) ;
#1994 = ADVANCED_FACE ( 'NONE', ( #842 ), #1947, .T. ) ;
#1995 = PRESENTATION_STYLE_ASSIGNMENT (( #1532 ) ) ;
#1996 = VECTOR ( 'NONE', #299, 1000.000000000000000 ) ;
#1997 = CLOSED_SHELL ( 'NONE', ( #969, #2728, #2021, #905, #1714, #1224 ) ) ;
#1998 = CARTESIAN_POINT ( 'NONE',  ( 0.2500000000000000600, 0.1019999999999999900, 0.06999999999999996500 ) ) ;
#1999 = DIRECTION ( 'NONE',  ( 1.000000000000000000, 0.0000000000000000000, 0.0000000000000000000 ) ) ;
#2000 = ORIENTED_EDGE ( 'NONE', *, *, #2028, .T. ) ;
#2001 = VERTEX_POINT ( 'NONE', #1935 ) ;
#2002 = CARTESIAN_POINT ( 'NONE',  ( -0.3000000000000092600, 0.3028427124746300200, 0.1000000000000000500 ) ) ;
#2003 = VERTEX_POINT ( 'NONE', #2058 ) ;
#2004 = ADVANCED_FACE ( 'NONE', ( #2104 ), #2085, .F. ) ;
#2005 = FACE_OUTER_BOUND ( 'NONE', #2775, .T. ) ;
#2006 = VERTEX_POINT ( 'NONE', #2042 ) ;
#2007 = ORIENTED_EDGE ( 'NONE', *, *, #1230, .T. ) ;
#2008 = ORIENTED_EDGE ( 'NONE', *, *, #2421, .F. ) ;
#2009 = CARTESIAN_POINT ( 'NONE',  ( 0.2500000000000000600, 0.0000000000000000000, 0.3300000000000000200 ) ) ;
#2010 = ORIENTED_EDGE ( 'NONE', *, *, #2047, .F. ) ;
#2011 = CARTESIAN_POINT ( 'NONE',  ( 0.2500000000000000600, 0.0000000000000000000, 0.0000000000000000000 ) ) ;
#2012 = LINE ( 'NONE', #1338, #3211 ) ;
#2013 = PLANE ( 'NONE',  #2830 ) ;
#2014 = FACE_OUTER_BOUND ( 'NONE', #882, .T. ) ;
#2015 = CARTESIAN_POINT ( 'NONE',  ( -0.3499999999999999200, 2.103840481040530000, 0.06999999999999996500 ) ) ;
#2016 = EDGE_LOOP ( 'NONE', ( #3087, #1116, #3177, #1470 ) ) ;
#2017 = LINE ( 'NONE', #1120, #679 ) ;
#2018 = ORIENTED_EDGE ( 'NONE', *, *, #1904, .T. ) ;
#2019 = CARTESIAN_POINT ( 'NONE',  ( -0.3000000000000134800, 0.0000000000000000000, -0.2999999999999999900 ) ) ;
#2020 = ORIENTED_EDGE ( 'NONE', *, *, #193, .F. ) ;
#2021 = ADVANCED_FACE ( 'NONE', ( #2753 ), #2168, .T. ) ;
#2022 = VECTOR ( 'NONE', #1548, 1000.000000000000000 ) ;
#2023 = VECTOR ( 'NONE', #2341, 1000.000000000000000 ) ;
#2024 = CARTESIAN_POINT ( 'NONE',  ( -0.3499999999999999200, 0.0000000000000000000, -0.3300000000000001300 ) ) ;
#2025 = AXIS2_PLACEMENT_3D ( 'NONE', #1594, #1392, #1886 ) ;
#2026 = LINE ( 'NONE', #2111, #184 ) ;
#2027 = EDGE_CURVE ( 'NONE', #1162, #2116, #78, .T. ) ;
#2028 = EDGE_CURVE ( 'NONE', #1324, #3184, #771, .T. ) ;
#2029 = LINE ( 'NONE', #49, #2608 ) ;
#2030 = CARTESIAN_POINT ( 'NONE',  ( 0.0000000000000000000, 0.0000000000000000000, 0.5000000000000000000 ) ) ;
#2031 = ORIENTED_EDGE ( 'NONE', *, *, #2027, .F. ) ;
#2032 = STYLED_ITEM ( 'NONE', ( #1970 ), #3009 ) ;
#2033 = VERTEX_POINT ( 'NONE', #2331 ) ;
#2034 = VECTOR ( 'NONE', #2823, 1000.000000000000000 ) ;
#2035 = DIRECTION ( 'NONE',  ( 0.0000000000000000000, -0.0000000000000000000, 1.000000000000000000 ) ) ;
#2036 = LINE ( 'NONE', #941, #1361 ) ;
#2037 = PLANE ( 'NONE',  #2403 ) ;
#2038 = DIRECTION ( 'NONE',  ( -1.000000000000000000, -0.0000000000000000000, 5.421010862427521200E-016 ) ) ;
#2039 = ORIENTED_EDGE ( 'NONE', *, *, #1527, .F. ) ;
#2040 = EDGE_LOOP ( 'NONE', ( #3169, #1497, #507, #1785 ) ) ;
#2041 = DIRECTION ( 'NONE',  ( 5.421010862427526100E-016, -0.0000000000000000000, 1.000000000000000000 ) ) ;
#2042 = CARTESIAN_POINT ( 'NONE',  ( -0.2499999999999999400, 0.05500000000000000700, 0.3300000000000000200 ) ) ;
#2043 = FACE_OUTER_BOUND ( 'NONE', #1268, .T. ) ;
#2044 = ORIENTED_EDGE ( 'NONE', *, *, #510, .T. ) ;
#2045 = EDGE_LOOP ( 'NONE', ( #59, #615, #2061, #1693 ) ) ;
#2046 = EDGE_LOOP ( 'NONE', ( #2652, #663, #2521, #2838 ) ) ;
#2047 = EDGE_CURVE ( 'NONE', #1966, #1056, #2680, .T. ) ;
#2048 = EDGE_CURVE ( 'NONE', #285, #1264, #179, .T. ) ;
#2049 = LINE ( 'NONE', #640, #868 ) ;
#2050 = CARTESIAN_POINT ( 'NONE',  ( -0.3000000000000051500, 0.3028427124746300200, 0.5000000000000000000 ) ) ;
#2051 =( LENGTH_UNIT ( ) NAMED_UNIT ( * ) SI_UNIT ( .MILLI., .METRE. ) );
#2052 = PRESENTATION_STYLE_ASSIGNMENT (( #2893 ) ) ;
#2053 = VERTEX_POINT ( 'NONE', #2400 ) ;
#2054 = CARTESIAN_POINT ( 'NONE',  ( 0.2500000000000000600, 0.05500000000000000700, -0.3300000000000001300 ) ) ;
#2055 = ORIENTED_EDGE ( 'NONE', *, *, #2422, .F. ) ;
#2056 = DIRECTION ( 'NONE',  ( -1.084202172485504600E-014, -0.0000000000000000000, -1.000000000000000000 ) ) ;
#2057 = SURFACE_STYLE_FILL_AREA ( #939 ) ;
#2058 = CARTESIAN_POINT ( 'NONE',  ( 0.3500000000000000300, 0.1020000000000000100, 0.06999999999999996500 ) ) ;
#2059 = VECTOR ( 'NONE', #279, 1000.000000000000000 ) ;
#2060 = ORIENTED_EDGE ( 'NONE', *, *, #406, .F. ) ;
#2061 = ORIENTED_EDGE ( 'NONE', *, *, #293, .T. ) ;
#2062 = DIRECTION ( 'NONE',  ( 0.0000000000000000000, 0.0000000000000000000, -1.000000000000000000 ) ) ;
#2063 = VECTOR ( 'NONE', #1975, 1000.000000000000000 ) ;
#2064 = VECTOR ( 'NONE', #1600, 1000.000000000000000 ) ;
#2065 = CLOSED_SHELL ( 'NONE', ( #1267, #1870, #3111, #1473, #736, #1699 ) ) ;
#2066 = FILL_AREA_STYLE ('',( #1805 ) ) ;
#2067 = CARTESIAN_POINT ( 'NONE',  ( 0.2500000000000000600, 0.0000000000000000000, 0.0000000000000000000 ) ) ;
#2068 = LINE ( 'NONE', #1261, #3191 ) ;
#2069 = DIRECTION ( 'NONE',  ( -1.000000000000000000, 0.0000000000000000000, -0.0000000000000000000 ) ) ;
#2070 = AXIS2_PLACEMENT_3D ( 'NONE', #1881, #1927, #1937 ) ;
#2071 = EDGE_CURVE ( 'NONE', #1612, #96, #4, .T. ) ;
#2072 = EDGE_CURVE ( 'NONE', #2586, #1345, #1351, .T. ) ;
#2073 = LINE ( 'NONE', #1859, #1403 ) ;
#2074 = CARTESIAN_POINT ( 'NONE',  ( -0.2499999999999999400, 0.05500000000000000700, -0.3300000000000001300 ) ) ;
#2075 = CARTESIAN_POINT ( 'NONE',  ( -0.2499999999999999400, 0.1019999999999999900, 0.4700000000000000300 ) ) ;
#2076 = PLANE ( 'NONE',  #2867 ) ;
#2077 = DIRECTION ( 'NONE',  ( 1.000000000000000000, -0.0000000000000000000, -2.710505431213552000E-016 ) ) ;
#2078 = PLANE ( 'NONE',  #2723 ) ;
#2079 = VECTOR ( 'NONE', #569, 1000.000000000000000 ) ;
#2080 = ORIENTED_EDGE ( 'NONE', *, *, #1746, .F. ) ;
#2081 = DIRECTION ( 'NONE',  ( 0.0000000000000000000, 0.0000000000000000000, 1.000000000000000000 ) ) ;
#2082 = VECTOR ( 'NONE', #1467, 1000.000000000000000 ) ;
#2083 = CARTESIAN_POINT ( 'NONE',  ( -0.3000000000000092600, 0.01999999999999999700, 0.1000000000000000300 ) ) ;
#2084 = ORIENTED_EDGE ( 'NONE', *, *, #976, .F. ) ;
#2085 = PLANE ( 'NONE',  #1992 ) ;
#2086 = CARTESIAN_POINT ( 'NONE',  ( -0.2499999999999999400, 0.1019999999999999900, 0.0000000000000000000 ) ) ;
#2087 = ORIENTED_EDGE ( 'NONE', *, *, #47, .T. ) ;
#2088 = MECHANICAL_DESIGN_GEOMETRIC_PRESENTATION_REPRESENTATION (  '', ( #1582 ), #2269 ) ;
#2089 = ORIENTED_EDGE ( 'NONE', *, *, #678, .T. ) ;
#2090 = EDGE_CURVE ( 'NONE', #707, #1379, #2603, .T. ) ;
#2091 = EDGE_CURVE ( 'NONE', #2710, #2766, #1278, .T. ) ;
#2092 = CARTESIAN_POINT ( 'NONE',  ( -0.3499999999999999200, 0.3999999999999999700, 0.5500000000000000400 ) ) ;
#2093 = PLANE ( 'NONE',  #961 ) ;
#2094 = VECTOR ( 'NONE', #1617, 1000.000000000000000 ) ;
#2095 = AXIS2_PLACEMENT_3D ( 'NONE', #403, #395, #841 ) ;
#2096 = AXIS2_PLACEMENT_3D ( 'NONE', #965, #1482, #3173 ) ;
#2097 = EDGE_LOOP ( 'NONE', ( #213, #1531, #328, #591 ) ) ;
#2098 = CARTESIAN_POINT ( 'NONE',  ( 0.2500000000000000600, 0.1019999999999999900, -0.07000000000000007600 ) ) ;
#2099 = FACE_OUTER_BOUND ( 'NONE', #1202, .T. ) ;
#2100 = ORIENTED_EDGE ( 'NONE', *, *, #1469, .F. ) ;
#2101 = VERTEX_POINT ( 'NONE', #2650 ) ;
#2102 = VECTOR ( 'NONE', #788, 1000.000000000000000 ) ;
#2103 = DIRECTION ( 'NONE',  ( 1.084202172485504600E-014, 0.0000000000000000000, 1.000000000000000000 ) ) ;
#2104 = FACE_OUTER_BOUND ( 'NONE', #833, .T. ) ;
#2105 = LINE ( 'NONE', #1988, #844 ) ;
#2106 = PLANE ( 'NONE',  #99 ) ;
#2107 = PLANE ( 'NONE',  #1188 ) ;
#2108 = ORIENTED_EDGE ( 'NONE', *, *, #2439, .F. ) ;
#2109 = EDGE_CURVE ( 'NONE', #2291, #1226, #3074, .T. ) ;
#2110 = LINE ( 'NONE', #1929, #2758 ) ;
#2111 = CARTESIAN_POINT ( 'NONE',  ( -0.2499999999999999400, 0.05500000000000000700, -0.07000000000000007600 ) ) ;
#2112 = PLANE ( 'NONE',  #2141 ) ;
#2113 = AXIS2_PLACEMENT_3D ( 'NONE', #1476, #1407, #1569 ) ;
#2114 = CARTESIAN_POINT ( 'NONE',  ( -0.3499999999999999200, 0.0000000000000000000, 0.0000000000000000000 ) ) ;
#2115 = DIRECTION ( 'NONE',  ( -0.0000000000000000000, -1.000000000000000000, 0.0000000000000000000 ) ) ;
#2116 = VERTEX_POINT ( 'NONE', #2639 ) ;
#2117 = ORIENTED_EDGE ( 'NONE', *, *, #2109, .T. ) ;
#2118 = VERTEX_POINT ( 'NONE', #2571 ) ;
#2119 = CARTESIAN_POINT ( 'NONE',  ( -0.2299999999999999500, 0.3000000000000000400, -0.4300000000000000500 ) ) ;
#2120 = LINE ( 'NONE', #2535, #3170 ) ;
#2121 = DIRECTION ( 'NONE',  ( 1.000000000000000000, -0.0000000000000000000, 0.0000000000000000000 ) ) ;
#2122 = ORIENTED_EDGE ( 'NONE', *, *, #2580, .T. ) ;
#2123 = VERTEX_POINT ( 'NONE', #2718 ) ;
#2124 = CARTESIAN_POINT ( 'NONE',  ( 0.3000000000000082000, 0.01999999999999999700, 0.5000000000000000000 ) ) ;
#2125 = LINE ( 'NONE', #893, #2774 ) ;
#2126 = DIRECTION ( 'NONE',  ( 1.000000000000000000, 0.0000000000000000000, -0.0000000000000000000 ) ) ;
#2127 = DIRECTION ( 'NONE',  ( 0.0000000000000000000, 1.000000000000000000, 0.0000000000000000000 ) ) ;
#2128 = PLANE ( 'NONE',  #3134 ) ;
#2129 = VERTEX_POINT ( 'NONE', #2659 ) ;
#2130 = CARTESIAN_POINT ( 'NONE',  ( -0.2499999999999999400, 0.0000000000000000000, 0.0000000000000000000 ) ) ;
#2131 = EDGE_CURVE ( 'NONE', #2645, #3093, #1119, .T. ) ;
#2132 = LINE ( 'NONE', #2934, #121 ) ;
#2133 = EDGE_CURVE ( 'NONE', #3086, #2710, #531, .T. ) ;
#2134 = DIRECTION ( 'NONE',  ( -0.0000000000000000000, 0.0000000000000000000, 1.000000000000000000 ) ) ;
#2135 = FACE_OUTER_BOUND ( 'NONE', #1776, .T. ) ;
#2136 = CARTESIAN_POINT ( 'NONE',  ( 0.3000000000000040400, 0.3028427124746300200, 0.09999999999999993600 ) ) ;
#2137 = CARTESIAN_POINT ( 'NONE',  ( -0.3499999999999999200, 0.1019999999999999900, 0.06999999999999996500 ) ) ;
#2138 = ORIENTED_EDGE ( 'NONE', *, *, #1945, .F. ) ;
#2139 = ORIENTED_EDGE ( 'NONE', *, *, #2786, .T. ) ;
#2140 = CARTESIAN_POINT ( 'NONE',  ( -0.3499999999999999200, 0.1019999999999999900, -0.07000000000000007600 ) ) ;
#2141 = AXIS2_PLACEMENT_3D ( 'NONE', #2607, #1359, #3072 ) ;
#2142 = ADVANCED_FACE ( 'NONE', ( #3004 ), #2875, .T. ) ;
#2143 = VECTOR ( 'NONE', #335, 1000.000000000000000 ) ;
#2144 = VERTEX_POINT ( 'NONE', #2837 ) ;
#2145 = CARTESIAN_POINT ( 'NONE',  ( -0.2299999999999999500, 0.1585786437626904300, -0.4300000000000000500 ) ) ;
#2146 = DIRECTION ( 'NONE',  ( 0.0000000000000000000, -0.0000000000000000000, 1.000000000000000000 ) ) ;
#2147 = SURFACE_STYLE_FILL_AREA ( #173 ) ;
#2148 = CARTESIAN_POINT ( 'NONE',  ( 0.3500000000000000300, 0.02000000000000003900, 0.5500000000000000400 ) ) ;
#2149 = CARTESIAN_POINT ( 'NONE',  ( -0.2499999999999999400, 0.1019999999999999900, -0.4700000000000001400 ) ) ;
#2150 = DIRECTION ( 'NONE',  ( 0.0000000000000000000, 1.000000000000000000, -0.0000000000000000000 ) ) ;
#2151 = DIRECTION ( 'NONE',  ( -0.0000000000000000000, 0.0000000000000000000, 1.000000000000000000 ) ) ;
#2152 = PLANE ( 'NONE',  #588 ) ;
#2153 = FACE_OUTER_BOUND ( 'NONE', #2401, .T. ) ;
#2154 = CARTESIAN_POINT ( 'NONE',  ( -0.2499999999999999400, 0.1019999999999999900, -0.4700000000000001400 ) ) ;
#2155 = VECTOR ( 'NONE', #2778, 1000.000000000000000 ) ;
#2156 = CARTESIAN_POINT ( 'NONE',  ( 0.3000000000000020400, 0.01999999999999999700, -0.3000000000000000400 ) ) ;
#2157 = ORIENTED_EDGE ( 'NONE', *, *, #237, .F. ) ;
#2158 = AXIS2_PLACEMENT_3D ( 'NONE', #2130, #869, #1863 ) ;
#2159 = EDGE_CURVE ( 'NONE', #1181, #1807, #1861, .T. ) ;
#2160 = VECTOR ( 'NONE', #991, 1000.000000000000000 ) ;
#2161 = ADVANCED_FACE ( 'NONE', ( #1789 ), #3008, .F. ) ;
#2162 = CARTESIAN_POINT ( 'NONE',  ( -0.2499999999999999400, 0.05500000000000000700, -0.4700000000000001400 ) ) ;
#2163 = AXIS2_PLACEMENT_3D ( 'NONE', #2411, #2420, #2425 ) ;
#2164 = LINE ( 'NONE', #308, #2079 ) ;
#2165 = CARTESIAN_POINT ( 'NONE',  ( -0.1023212946968994200, 0.05500000000000000700, -0.07000000000000007600 ) ) ;
#2166 = ORIENTED_EDGE ( 'NONE', *, *, #785, .F. ) ;
#2167 = ORIENTED_EDGE ( 'NONE', *, *, #3090, .T. ) ;
#2168 = PLANE ( 'NONE',  #2329 ) ;
#2169 = CARTESIAN_POINT ( 'NONE',  ( -0.3000000000000134200, 0.01999999999999999700, -0.2999999999999999900 ) ) ;
#2170 = LINE ( 'NONE', #1211, #2082 ) ;
#2171 = ORIENTED_EDGE ( 'NONE', *, *, #3117, .T. ) ;
#2172 = ORIENTED_EDGE ( 'NONE', *, *, #1060, .T. ) ;
#2173 = CARTESIAN_POINT ( 'NONE',  ( -0.3499999999999999200, 0.0000000000000000000, 0.4700000000000000300 ) ) ;
#2174 = ORIENTED_EDGE ( 'NONE', *, *, #1082, .T. ) ;
#2175 = CARTESIAN_POINT ( 'NONE',  ( 0.0000000000000000000, 0.02000000000000000000, 0.0000000000000000000 ) ) ;
#2176 = PRODUCT_CONTEXT ( 'NONE', #908, 'mechanical' ) ;
#2177 = ORIENTED_EDGE ( 'NONE', *, *, #784, .T. ) ;
#2178 = ORIENTED_EDGE ( 'NONE', *, *, #3156, .T. ) ;
#2179 = CARTESIAN_POINT ( 'NONE',  ( 0.0000000000000000000, 0.0000000000000000000, 0.0000000000000000000 ) ) ;
#2180 = ADVANCED_FACE ( 'NONE', ( #2946 ), #3126, .T. ) ;
#2181 = FACE_OUTER_BOUND ( 'NONE', #2739, .T. ) ;
#2182 = CARTESIAN_POINT ( 'NONE',  ( -0.3000000000000134200, 0.01999999999999999700, -0.2999999999999999900 ) ) ;
#2183 = VERTEX_POINT ( 'NONE', #2931 ) ;
#2184 = LINE ( 'NONE', #775, #167 ) ;
#2185 =( LENGTH_UNIT ( ) NAMED_UNIT ( * ) SI_UNIT ( .MILLI., .METRE. ) );
#2186 = AXIS2_PLACEMENT_3D ( 'NONE', #1097, #1843, #2035 ) ;
#2187 = ORIENTED_EDGE ( 'NONE', *, *, #2159, .F. ) ;
#2188 = ORIENTED_EDGE ( 'NONE', *, *, #381, .T. ) ;
#2189 = EDGE_LOOP ( 'NONE', ( #207, #72, #1460, #1457 ) ) ;
#2190 = CARTESIAN_POINT ( 'NONE',  ( -0.2499999999999999400, 0.1019999999999999900, 0.3300000000000000200 ) ) ;
#2191 = LINE ( 'NONE', #2030, #931 ) ;
#2192 = FACE_OUTER_BOUND ( 'NONE', #1834, .T. ) ;
#2193 = DIRECTION ( 'NONE',  ( 0.0000000000000000000, 0.0000000000000000000, 1.000000000000000000 ) ) ;
#2194 = ADVANCED_FACE ( 'NONE', ( #361 ), #3102, .F. ) ;
#2195 = DIRECTION ( 'NONE',  ( 0.0000000000000000000, -1.000000000000000000, 0.0000000000000000000 ) ) ;
#2196 = PLANE ( 'NONE',  #2186 ) ;
#2197 = DIRECTION ( 'NONE',  ( 1.000000000000000000, 0.0000000000000000000, -0.0000000000000000000 ) ) ;
#2198 = UNCERTAINTY_MEASURE_WITH_UNIT (LENGTH_MEASURE( 1.000000000000000100E-005 ), #3104, 'distance_accuracy_value', 'NONE');
#2199 = DIRECTION ( 'NONE',  ( -0.0000000000000000000, -1.000000000000000000, -0.0000000000000000000 ) ) ;
#2200 = EDGE_CURVE ( 'NONE', #2129, #2605, #1636, .T. ) ;
#2201 = EDGE_CURVE ( 'NONE', #2479, #3093, #1716, .T. ) ;
#2202 = DIRECTION ( 'NONE',  ( 1.000000000000000000, 0.0000000000000000000, -0.0000000000000000000 ) ) ;
#2203 = EDGE_LOOP ( 'NONE', ( #810, #3063, #1439, #512 ) ) ;
#2204 = DIRECTION ( 'NONE',  ( -1.000000000000000000, 0.0000000000000000000, 0.0000000000000000000 ) ) ;
#2205 = DIRECTION ( 'NONE',  ( 0.0000000000000000000, -0.0000000000000000000, -1.000000000000000000 ) ) ;
#2206 = ORIENTED_EDGE ( 'NONE', *, *, #2891, .F. ) ;
#2207 = DIRECTION ( 'NONE',  ( 0.0000000000000000000, -1.000000000000000000, 0.0000000000000000000 ) ) ;
#2208 = CARTESIAN_POINT ( 'NONE',  ( 0.3000000000000082000, 0.0000000000000000000, 0.5000000000000000000 ) ) ;
#2209 = AXIS2_PLACEMENT_3D ( 'NONE', #2993, #2985, #268 ) ;
#2210 = LINE ( 'NONE', #500, #862 ) ;
#2211 = DIRECTION ( 'NONE',  ( -1.000000000000000000, 0.0000000000000000000, 0.0000000000000000000 ) ) ;
#2212 = EDGE_LOOP ( 'NONE', ( #2172, #423, #1174, #354 ) ) ;
#2213 = CARTESIAN_POINT ( 'NONE',  ( -0.1023212946968994200, 0.1019999999999999900, 0.06999999999999996500 ) ) ;
#2214 = ADVANCED_FACE ( 'NONE', ( #966 ), #1088, .T. ) ;
#2215 = VECTOR ( 'NONE', #2376, 1000.000000000000000 ) ;
#2216 = ORIENTED_EDGE ( 'NONE', *, *, #530, .F. ) ;
#2217 = ORIENTED_EDGE ( 'NONE', *, *, #554, .F. ) ;
#2218 = DIRECTION ( 'NONE',  ( -0.0000000000000000000, -0.0000000000000000000, -1.000000000000000000 ) ) ;
#2219 = DIRECTION ( 'NONE',  ( 0.0000000000000000000, 0.0000000000000000000, 1.000000000000000000 ) ) ;
#2220 = ORIENTED_EDGE ( 'NONE', *, *, #700, .T. ) ;
#2221 = VECTOR ( 'NONE', #3127, 1000.000000000000000 ) ;
#2222 = LINE ( 'NONE', #164, #209 ) ;
#2223 = CARTESIAN_POINT ( 'NONE',  ( -0.09999999999999381600, 0.0000000000000000000, 0.1000000000000000100 ) ) ;
#2224 = DIRECTION ( 'NONE',  ( 0.0000000000000000000, -0.0000000000000000000, -1.000000000000000000 ) ) ;
#2225 = VERTEX_POINT ( 'NONE', #906 ) ;
#2226 = AXIS2_PLACEMENT_3D ( 'NONE', #2914, #2922, #2448 ) ;
#2227 = EDGE_CURVE ( 'NONE', #942, #1366, #2863, .T. ) ;
#2228 = ORIENTED_EDGE ( 'NONE', *, *, #1289, .T. ) ;
#2229 = EDGE_LOOP ( 'NONE', ( #620, #2552, #2813, #1544 ) ) ;
#2230 = VECTOR ( 'NONE', #325, 1000.000000000000000 ) ;
#2231 = ORIENTED_EDGE ( 'NONE', *, *, #1306, .F. ) ;
#2232 = CARTESIAN_POINT ( 'NONE',  ( 0.2500000000000000600, 0.0000000000000000000, 0.0000000000000000000 ) ) ;
#2233 = AXIS2_PLACEMENT_3D ( 'NONE', #1652, #1690, #1700 ) ;
#2234 = ADVANCED_FACE ( 'NONE', ( #2374 ), #64, .T. ) ;
#2235 = COLOUR_RGB ( '',0.7921568627450980000, 0.8196078431372548800, 0.9333333333333333500 ) ;
#2236 = CARTESIAN_POINT ( 'NONE',  ( -0.3000000000000093700, 0.3028427124746300200, -0.09999999999999988100 ) ) ;
#2237 = CARTESIAN_POINT ( 'NONE',  ( -0.09999999999999383000, 0.0000000000000000000, 0.0000000000000000000 ) ) ;
#2238 = ORIENTED_EDGE ( 'NONE', *, *, #1764, .T. ) ;
#2239 = CARTESIAN_POINT ( 'NONE',  ( -0.3499999999999999200, 2.103840481040530000, 0.5500000000000000400 ) ) ;
#2240 = LINE ( 'NONE', #753, #1127 ) ;
#2241 = VERTEX_POINT ( 'NONE', #38 ) ;
#2242 = FACE_OUTER_BOUND ( 'NONE', #659, .T. ) ;
#2243 = MANIFOLD_SOLID_BREP ( 'Boss-Extrude2[2]', #375 ) ;
#2244 = LINE ( 'NONE', #2506, #2160 ) ;
#2245 = SURFACE_STYLE_USAGE ( .BOTH. , #485 ) ;
#2246 = ADVANCED_FACE ( 'NONE', ( #2790 ), #113, .F. ) ;
#2247 = VERTEX_POINT ( 'NONE', #211 ) ;
#2248 = EDGE_CURVE ( 'NONE', #2247, #2033, #3189, .T. ) ;
#2249 = EDGE_CURVE ( 'NONE', #3187, #1576, #2562, .T. ) ;
#2250 = VECTOR ( 'NONE', #2784, 1000.000000000000000 ) ;
#2251 = ORIENTED_EDGE ( 'NONE', *, *, #1968, .F. ) ;
#2252 = ORIENTED_EDGE ( 'NONE', *, *, #1001, .F. ) ;
#2253 = VERTEX_POINT ( 'NONE', #360 ) ;
#2254 = ORIENTED_EDGE ( 'NONE', *, *, #530, .T. ) ;
#2255 = ORIENTED_EDGE ( 'NONE', *, *, #346, .T. ) ;
#2256 = DIRECTION ( 'NONE',  ( 0.0000000000000000000, -0.0000000000000000000, -1.000000000000000000 ) ) ;
#2257 = CARTESIAN_POINT ( 'NONE',  ( -0.2499999999999999400, 0.1019999999999999900, -0.07000000000000007600 ) ) ;
#2258 = ORIENTED_EDGE ( 'NONE', *, *, #3010, .F. ) ;
#2259 = LINE ( 'NONE', #1679, #919 ) ;
#2260 = ADVANCED_FACE ( 'NONE', ( #220 ), #391, .F. ) ;
#2261 = VERTEX_POINT ( 'NONE', #421 ) ;
#2262 = CARTESIAN_POINT ( 'NONE',  ( 0.1000000000000082100, 0.0000000000000000000, 0.3000000000000000400 ) ) ;
#2263 = LINE ( 'NONE', #693, #2824 ) ;
#2264 = ORIENTED_EDGE ( 'NONE', *, *, #2952, .T. ) ;
#2265 = VERTEX_POINT ( 'NONE', #809 ) ;
#2266 = DIRECTION ( 'NONE',  ( 0.0000000000000000000, 0.0000000000000000000, 1.000000000000000000 ) ) ;
#2267 = CARTESIAN_POINT ( 'NONE',  ( -0.1000000000000093200, 0.3028427124746300200, -0.09999999999999999200 ) ) ;
#2268 = PLANE ( 'NONE',  #851 ) ;
#2269 =( GEOMETRIC_REPRESENTATION_CONTEXT ( 3 ) GLOBAL_UNCERTAINTY_ASSIGNED_CONTEXT ( ( #1757 ) ) GLOBAL_UNIT_ASSIGNED_CONTEXT ( ( #544, #643, #1142 ) ) REPRESENTATION_CONTEXT ( 'NONE', 'WORKASPACE' ) );
#2270 = FACE_BOUND ( 'NONE', #2417, .T. ) ;
#2271 = EDGE_CURVE ( 'NONE', #2883, #863, #1243, .T. ) ;
#2272 = EDGE_CURVE ( 'NONE', #169, #2183, #566, .T. ) ;
#2273 = CARTESIAN_POINT ( 'NONE',  ( 0.2500000000000000600, 0.1019999999999999900, 0.4700000000000000300 ) ) ;
#2274 = AXIS2_PLACEMENT_3D ( 'NONE', #77, #300, #290 ) ;
#2275 = STYLED_ITEM ( 'NONE', ( #1837 ), #2894 ) ;
#2276 = VECTOR ( 'NONE', #1678, 1000.000000000000000 ) ;
#2277 = ORIENTED_EDGE ( 'NONE', *, *, #2272, .F. ) ;
#2278 = DIRECTION ( 'NONE',  ( 0.0000000000000000000, 1.000000000000000000, 0.0000000000000000000 ) ) ;
#2279 = ADVANCED_FACE ( 'NONE', ( #3116 ), #1096, .T. ) ;
#2280 = PRESENTATION_STYLE_ASSIGNMENT (( #34 ) ) ;
#2281 = DIRECTION ( 'NONE',  ( 0.0000000000000000000, 1.000000000000000000, -0.0000000000000000000 ) ) ;
#2282 = DIRECTION ( 'NONE',  ( -1.000000000000000000, 0.0000000000000000000, -0.0000000000000000000 ) ) ;
#2283 = EDGE_CURVE ( 'NONE', #2677, #2407, #3036, .T. ) ;
#2284 = ORIENTED_EDGE ( 'NONE', *, *, #2305, .F. ) ;
#2285 = DIRECTION ( 'NONE',  ( 0.0000000000000000000, 1.000000000000000000, 0.0000000000000000000 ) ) ;
#2286 = CARTESIAN_POINT ( 'NONE',  ( -0.2499999999999999400, 0.05500000000000000700, -0.4700000000000001400 ) ) ;
#2287 = LINE ( 'NONE', #2257, #3131 ) ;
#2288 = EDGE_LOOP ( 'NONE', ( #756, #890, #492, #480 ) ) ;
#2289 = CARTESIAN_POINT ( 'NONE',  ( 0.3000000000000040400, 0.0000000000000000000, 0.09999999999999993600 ) ) ;
#2290 = LINE ( 'NONE', #2672, #1622 ) ;
#2291 = VERTEX_POINT ( 'NONE', #1193 ) ;
#2292 = FACE_OUTER_BOUND ( 'NONE', #665, .T. ) ;
#2293 = ORIENTED_EDGE ( 'NONE', *, *, #3209, .F. ) ;
#2294 = CARTESIAN_POINT ( 'NONE',  ( -0.2499999999999999400, 0.05500000000000000700, 0.3300000000000000200 ) ) ;
#2295 = ORIENTED_EDGE ( 'NONE', *, *, #2580, .F. ) ;
#2296 = DIRECTION ( 'NONE',  ( -1.000000000000000000, -0.0000000000000000000, 0.0000000000000000000 ) ) ;
#2297 = ORIENTED_EDGE ( 'NONE', *, *, #1252, .T. ) ;
#2298 = VECTOR ( 'NONE', #829, 1000.000000000000000 ) ;
#2299 = ORIENTED_EDGE ( 'NONE', *, *, #1846, .T. ) ;
#2300 = VECTOR ( 'NONE', #854, 1000.000000000000000 ) ;
#2301 = DIRECTION ( 'NONE',  ( -0.0000000000000000000, -0.0000000000000000000, 1.000000000000000000 ) ) ;
#2302 =( NAMED_UNIT ( * ) SI_UNIT ( $, .STERADIAN. ) SOLID_ANGLE_UNIT ( ) );
#2303 = AXIS2_PLACEMENT_3D ( 'NONE', #411, #438, #444 ) ;
#2304 = SURFACE_STYLE_FILL_AREA ( #2905 ) ;
#2305 = EDGE_CURVE ( 'NONE', #713, #1162, #1164, .T. ) ;
#2306 = EDGE_CURVE ( 'NONE', #3205, #2677, #2412, .T. ) ;
#2307 = LINE ( 'NONE', #621, #970 ) ;
#2308 = EDGE_LOOP ( 'NONE', ( #263, #2693, #1669, #1098 ) ) ;
#2309 = DIRECTION ( 'NONE',  ( 0.0000000000000000000, 1.000000000000000000, 0.0000000000000000000 ) ) ;
#2310 = ORIENTED_EDGE ( 'NONE', *, *, #2969, .T. ) ;
#2311 = VECTOR ( 'NONE', #831, 1000.000000000000000 ) ;
#2312 = CARTESIAN_POINT ( 'NONE',  ( 0.2500000000000000600, 0.05500000000000000700, -0.3300000000000001300 ) ) ;
#2313 = EDGE_LOOP ( 'NONE', ( #1265, #2449, #1139, #2178 ) ) ;
#2314 = LINE ( 'NONE', #2009, #1646 ) ;
#2315 = DIRECTION ( 'NONE',  ( -1.000000000000000000, -0.0000000000000000000, -0.0000000000000000000 ) ) ;
#2316 = ORIENTED_EDGE ( 'NONE', *, *, #1794, .F. ) ;
#2317 = SURFACE_STYLE_USAGE ( .BOTH. , #555 ) ;
#2318 = ORIENTED_EDGE ( 'NONE', *, *, #3067, .F. ) ;
#2319 = CARTESIAN_POINT ( 'NONE',  ( -0.2299999999999999500, 0.1585786437626904300, -0.4800000000000000900 ) ) ;
#2320 = DIRECTION ( 'NONE',  ( -1.000000000000000000, -0.0000000000000000000, -0.0000000000000000000 ) ) ;
#2321 = LINE ( 'NONE', #2542, #2250 ) ;
#2322 = VERTEX_POINT ( 'NONE', #871 ) ;
#2323 = ORIENTED_EDGE ( 'NONE', *, *, #3193, .T. ) ;
#2324 = AXIS2_PLACEMENT_3D ( 'NONE', #735, #2480, #727 ) ;
#2325 = EDGE_CURVE ( 'NONE', #2322, #830, #2339, .T. ) ;
#2326 = PLANE ( 'NONE',  #3031 ) ;
#2327 = CARTESIAN_POINT ( 'NONE',  ( 0.1000000000000040600, 0.0000000000000000000, 0.09999999999999993600 ) ) ;
#2328 = ORIENTED_EDGE ( 'NONE', *, *, #917, .T. ) ;
#2329 = AXIS2_PLACEMENT_3D ( 'NONE', #1981, #2204, #2219 ) ;
#2330 = FILL_AREA_STYLE ('',( #1823 ) ) ;
#2331 = CARTESIAN_POINT ( 'NONE',  ( 0.2500000000000000600, 0.05500000000000000700, 0.06999999999999996500 ) ) ;
#2332 = UNCERTAINTY_MEASURE_WITH_UNIT (LENGTH_MEASURE( 1.000000000000000100E-005 ), #1991, 'distance_accuracy_value', 'NONE');
#2333 = ORIENTED_EDGE ( 'NONE', *, *, #1231, .F. ) ;
#2334 = DIRECTION ( 'NONE',  ( 0.0000000000000000000, 1.000000000000000000, 0.0000000000000000000 ) ) ;
#2335 = LINE ( 'NONE', #714, #1518 ) ;
#2336 = CARTESIAN_POINT ( 'NONE',  ( -0.2499999999999999400, 0.1019999999999999900, -0.3300000000000001300 ) ) ;
#2337 = ORIENTED_EDGE ( 'NONE', *, *, #2227, .F. ) ;
#2338 = EDGE_LOOP ( 'NONE', ( #2903, #624, #1800, #32 ) ) ;
#2339 = LINE ( 'NONE', #865, #1674 ) ;
#2340 = CARTESIAN_POINT ( 'NONE',  ( 0.2999999999999998800, 0.01999999999999999700, -0.5000000000000000000 ) ) ;
#2341 = DIRECTION ( 'NONE',  ( 5.421010862427524100E-016, -0.0000000000000000000, 1.000000000000000000 ) ) ;
#2342 = LINE ( 'NONE', #1644, #418 ) ;
#2343 = DIRECTION ( 'NONE',  ( 0.0000000000000000000, -0.0000000000000000000, 1.000000000000000000 ) ) ;
#2344 = CLOSED_SHELL ( 'NONE', ( #3214, #177, #1154, #667, #950, #210 ) ) ;
#2345 = DIRECTION ( 'NONE',  ( -5.421010862427524100E-016, 0.0000000000000000000, -1.000000000000000000 ) ) ;
#2346 = COLOUR_RGB ( '',0.7921568627450980000, 0.8196078431372548800, 0.9333333333333333500 ) ;
#2347 = ORIENTED_EDGE ( 'NONE', *, *, #2763, .T. ) ;
#2348 = VECTOR ( 'NONE', #1192, 1000.000000000000000 ) ;
#2349 = CARTESIAN_POINT ( 'NONE',  ( -0.1023212946968994200, 0.1019999999999999900, -0.4700000000000001400 ) ) ;
#2350 = CARTESIAN_POINT ( 'NONE',  ( 0.2500000000000000600, 0.05500000000000000700, 0.4700000000000000300 ) ) ;
#2351 = DIRECTION ( 'NONE',  ( 0.0000000000000000000, 0.0000000000000000000, 1.000000000000000000 ) ) ;
#2352 = ORIENTED_EDGE ( 'NONE', *, *, #2704, .F. ) ;
#2353 = CARTESIAN_POINT ( 'NONE',  ( -0.2499999999999999400, 0.05500000000000000700, -0.4700000000000001400 ) ) ;
#2354 = DIRECTION ( 'NONE',  ( 0.0000000000000000000, 0.0000000000000000000, 1.000000000000000000 ) ) ;
#2355 = ORIENTED_EDGE ( 'NONE', *, *, #915, .T. ) ;
#2356 = AXIS2_PLACEMENT_3D ( 'NONE', #84, #1914, #1135 ) ;
#2357 = EDGE_CURVE ( 'NONE', #190, #526, #1080, .T. ) ;
#2358 = EDGE_CURVE ( 'NONE', #2118, #837, #1005, .T. ) ;
#2359 = DIRECTION ( 'NONE',  ( -1.000000000000000000, 0.0000000000000000000, -0.0000000000000000000 ) ) ;
#2360 = VECTOR ( 'NONE', #366, 1000.000000000000000 ) ;
#2361 = AXIS2_PLACEMENT_3D ( 'NONE', #542, #1813, #304 ) ;
#2362 = PRESENTATION_LAYER_ASSIGNMENT (  '', '', ( #2032 ) ) ;
#2363 = CARTESIAN_POINT ( 'NONE',  ( 0.1000000000000020200, 0.01999999999999999700, -0.3000000000000000400 ) ) ;
#2364 = ORIENTED_EDGE ( 'NONE', *, *, #2864, .T. ) ;
#2365 = CARTESIAN_POINT ( 'NONE',  ( 0.2500000000000000600, 0.1019999999999999900, -0.3300000000000001300 ) ) ;
#2366 = LINE ( 'NONE', #144, #1034 ) ;
#2367 = VERTEX_POINT ( 'NONE', #2943 ) ;
#2368 = CARTESIAN_POINT ( 'NONE',  ( -0.3499999999999999200, 2.103840481040530000, -0.07000000000000007600 ) ) ;
#2369 = ORIENTED_EDGE ( 'NONE', *, *, #898, .F. ) ;
#2370 = CARTESIAN_POINT ( 'NONE',  ( 0.2500000000000000600, 0.05500000000000000700, -0.3300000000000001300 ) ) ;
#2371 = CARTESIAN_POINT ( 'NONE',  ( 0.2500000000000000600, 0.05500000000000000700, 0.06999999999999996500 ) ) ;
#2372 = ORIENTED_EDGE ( 'NONE', *, *, #2091, .F. ) ;
#2373 = CARTESIAN_POINT ( 'NONE',  ( 0.3500000000000000300, 0.1019999999999999900, -0.07000000000000007600 ) ) ;
#2374 = FACE_OUTER_BOUND ( 'NONE', #944, .T. ) ;
#2375 = VECTOR ( 'NONE', #2700, 1000.000000000000000 ) ;
#2376 = DIRECTION ( 'NONE',  ( 0.0000000000000000000, -1.000000000000000000, -0.0000000000000000000 ) ) ;
#2377 = CARTESIAN_POINT ( 'NONE',  ( 0.3500000000000000300, 2.103840481040530000, 0.06999999999999996500 ) ) ;
#2378 = STYLED_ITEM ( 'NONE', ( #208 ), #134 ) ;
#2379 = LINE ( 'NONE', #365, #3005 ) ;
#2380 = EDGE_CURVE ( 'NONE', #2407, #3069, #319, .T. ) ;
#2381 = PLANE ( 'NONE',  #2158 ) ;
#2382 = ADVANCED_FACE ( 'NONE', ( #252 ), #515, .F. ) ;
#2383 = DIRECTION ( 'NONE',  ( -0.0000000000000000000, -1.000000000000000000, -0.0000000000000000000 ) ) ;
#2384 = LINE ( 'NONE', #2861, #3082 ) ;
#2385 = DIRECTION ( 'NONE',  ( -1.000000000000000000, 0.0000000000000000000, 0.0000000000000000000 ) ) ;
#2386 = FACE_OUTER_BOUND ( 'NONE', #2308, .T. ) ;
#2387 = VERTEX_POINT ( 'NONE', #2019 ) ;
#2388 = CARTESIAN_POINT ( 'NONE',  ( 0.2500000000000000600, 0.1019999999999999900, -0.3300000000000001300 ) ) ;
#2389 = ORIENTED_EDGE ( 'NONE', *, *, #2159, .T. ) ;
#2390 = ORIENTED_EDGE ( 'NONE', *, *, #1365, .F. ) ;
#2391 = CARTESIAN_POINT ( 'NONE',  ( 0.2500000000000000600, 0.05500000000000000700, -0.4700000000000001400 ) ) ;
#2392 = EDGE_LOOP ( 'NONE', ( #1589, #2593, #623, #3023 ) ) ;
#2393 = EDGE_LOOP ( 'NONE', ( #2944, #1297, #1475, #1440 ) ) ;
#2394 = VECTOR ( 'NONE', #3139, 1000.000000000000000 ) ;
#2395 = ORIENTED_EDGE ( 'NONE', *, *, #2565, .F. ) ;
#2396 = DIRECTION ( 'NONE',  ( -0.0000000000000000000, -0.0000000000000000000, -1.000000000000000000 ) ) ;
#2397 = ADVANCED_FACE ( 'NONE', ( #2828, #2270 ), #2989, .T. ) ;
#2398 = CARTESIAN_POINT ( 'NONE',  ( 0.3000000000000082000, 0.3028427124746300200, 0.3000000000000000400 ) ) ;
#2399 = ORIENTED_EDGE ( 'NONE', *, *, #605, .F. ) ;
#2400 = CARTESIAN_POINT ( 'NONE',  ( -0.2299999999999999500, 0.3000000000000000400, -0.4800000000000000900 ) ) ;
#2401 = EDGE_LOOP ( 'NONE', ( #2100, #743, #2666, #3183 ) ) ;
#2402 = PLANE ( 'NONE',  #270 ) ;
#2403 = AXIS2_PLACEMENT_3D ( 'NONE', #2050, #2062, #2069 ) ;
#2404 = EDGE_CURVE ( 'NONE', #1627, #112, #2191, .T. ) ;
#2405 = VECTOR ( 'NONE', #2309, 1000.000000000000000 ) ;
#2406 = EDGE_CURVE ( 'NONE', #2101, #2846, #1524, .T. ) ;
#2407 = VERTEX_POINT ( 'NONE', #2516 ) ;
#2408 = LINE ( 'NONE', #2169, #407 ) ;
#2409 = EDGE_LOOP ( 'NONE', ( #1698, #2000, #1783, #71 ) ) ;
#2410 = DIRECTION ( 'NONE',  ( 0.0000000000000000000, -1.000000000000000000, 0.0000000000000000000 ) ) ;
#2411 = CARTESIAN_POINT ( 'NONE',  ( -0.2299999999999999500, 0.4000000000000000200, -0.4300000000000000500 ) ) ;
#2412 = LINE ( 'NONE', #1218, #416 ) ;
#2413 = PLANE ( 'NONE',  #1763 ) ;
#2414 = ADVANCED_FACE ( 'NONE', ( #495 ), #1030, .T. ) ;
#2415 = APPLICATION_PROTOCOL_DEFINITION ( 'draft international standard', 'automotive_design', 1998, #658 ) ;
#2416 = DIRECTION ( 'NONE',  ( -1.000000000000000000, -0.0000000000000000000, 0.0000000000000000000 ) ) ;
#2417 = EDGE_LOOP ( 'NONE', ( #465, #2139 ) ) ;
#2418 = CARTESIAN_POINT ( 'NONE',  ( 0.3500000000000000300, 0.02000000000000000000, 0.0000000000000000000 ) ) ;
#2419 = LINE ( 'NONE', #702, #422 ) ;
#2420 = DIRECTION ( 'NONE',  ( -0.0000000000000000000, -1.000000000000000000, -0.0000000000000000000 ) ) ;
#2421 = EDGE_CURVE ( 'NONE', #2006, #2129, #1443, .T. ) ;
#2422 = EDGE_CURVE ( 'NONE', #2322, #757, #840, .T. ) ;
#2423 = VECTOR ( 'NONE', #1472, 1000.000000000000000 ) ;
#2424 = DIRECTION ( 'NONE',  ( 0.0000000000000000000, 1.000000000000000000, 0.0000000000000000000 ) ) ;
#2425 = DIRECTION ( 'NONE',  ( 0.0000000000000000000, 0.0000000000000000000, 1.000000000000000000 ) ) ;
#2426 = PLANE ( 'NONE',  #124 ) ;
#2427 = UNCERTAINTY_MEASURE_WITH_UNIT (LENGTH_MEASURE( 1.000000000000000100E-005 ), #1915, 'distance_accuracy_value', 'NONE');
#2428 = AXIS2_PLACEMENT_3D ( 'NONE', #2239, #718, #2476 ) ;
#2429 = ORIENTED_EDGE ( 'NONE', *, *, #1398, .T. ) ;
#2430 = DIRECTION ( 'NONE',  ( 1.000000000000000000, -0.0000000000000000000, 0.0000000000000000000 ) ) ;
#2431 = ORIENTED_EDGE ( 'NONE', *, *, #1364, .T. ) ;
#2432 = VERTEX_POINT ( 'NONE', #1292 ) ;
#2433 = ORIENTED_EDGE ( 'NONE', *, *, #2911, .T. ) ;
#2434 = CARTESIAN_POINT ( 'NONE',  ( 0.2500000000000000600, 0.1019999999999999900, 0.4700000000000000300 ) ) ;
#2435 = DIRECTION ( 'NONE',  ( 0.0000000000000000000, -0.0000000000000000000, -1.000000000000000000 ) ) ;
#2436 = ORIENTED_EDGE ( 'NONE', *, *, #221, .F. ) ;
#2437 = FILL_AREA_STYLE_COLOUR ( '', #3020 ) ;
#2438 = LINE ( 'NONE', #352, #2515 ) ;
#2439 = EDGE_CURVE ( 'NONE', #570, #1074, #2752, .T. ) ;
#2440 = ORIENTED_EDGE ( 'NONE', *, *, #2953, .T. ) ;
#2441 = LINE ( 'NONE', #1736, #351 ) ;
#2442 = DIRECTION ( 'NONE',  ( 0.0000000000000000000, 0.0000000000000000000, 1.000000000000000000 ) ) ;
#2443 = AXIS2_PLACEMENT_3D ( 'NONE', #189, #1748, #1759 ) ;
#2444 = ADVANCED_FACE ( 'NONE', ( #2678 ), #2600, .T. ) ;
#2445 = CLOSED_SHELL ( 'NONE', ( #2180, #436, #870, #409, #2618, #2851 ) ) ;
#2446 = EDGE_LOOP ( 'NONE', ( #1418, #142, #1115, #473 ) ) ;
#2447 = CARTESIAN_POINT ( 'NONE',  ( 0.2500000000000000600, 0.0000000000000000000, -0.4700000000000001400 ) ) ;
#2448 = DIRECTION ( 'NONE',  ( 0.0000000000000000000, 0.0000000000000000000, 1.000000000000000000 ) ) ;
#2449 = ORIENTED_EDGE ( 'NONE', *, *, #125, .F. ) ;
#2450 = ORIENTED_EDGE ( 'NONE', *, *, #2864, .F. ) ;
#2451 = CARTESIAN_POINT ( 'NONE',  ( -0.2499999999999999400, 0.05500000000000000700, 0.06999999999999996500 ) ) ;
#2452 = CARTESIAN_POINT ( 'NONE',  ( 0.1000000000000082500, 0.01999999999999999700, 0.5000000000000000000 ) ) ;
#2453 = VECTOR ( 'NONE', #2668, 1000.000000000000000 ) ;
#2454 = FACE_OUTER_BOUND ( 'NONE', #2930, .T. ) ;
#2455 = DIRECTION ( 'NONE',  ( 0.0000000000000000000, 1.000000000000000000, 0.0000000000000000000 ) ) ;
#2456 = FACE_OUTER_BOUND ( 'NONE', #1329, .T. ) ;
#2457 = EDGE_LOOP ( 'NONE', ( #1021, #1645, #441, #2018 ) ) ;
#2458 = VECTOR ( 'NONE', #790, 1000.000000000000000 ) ;
#2459 = PLANE ( 'NONE',  #146 ) ;
#2460 = CARTESIAN_POINT ( 'NONE',  ( 0.0000000000000000000, 0.0000000000000000000, 0.3000000000000000400 ) ) ;
#2461 = ADVANCED_FACE ( 'NONE', ( #684 ), #796, .F. ) ;
#2462 = ORIENTED_EDGE ( 'NONE', *, *, #3157, .T. ) ;
#2463 = LINE ( 'NONE', #2888, #1219 ) ;
#2464 = EDGE_CURVE ( 'NONE', #2129, #474, #769, .T. ) ;
#2465 = ORIENTED_EDGE ( 'NONE', *, *, #1170, .T. ) ;
#2466 = EDGE_CURVE ( 'NONE', #721, #570, #2, .T. ) ;
#2467 = DIRECTION ( 'NONE',  ( 1.000000000000000000, 0.0000000000000000000, -0.0000000000000000000 ) ) ;
#2468 = MANIFOLD_SOLID_BREP ( 'Cut-Extrude3', #1504 ) ;
#2469 = VERTEX_POINT ( 'NONE', #297 ) ;
#2470 = ORIENTED_EDGE ( 'NONE', *, *, #2488, .T. ) ;
#2471 = AXIS2_PLACEMENT_3D ( 'NONE', #874, #2615, #1125 ) ;
#2472 = EDGE_LOOP ( 'NONE', ( #1869, #3167, #2010, #2080 ) ) ;
#2473 = ORIENTED_EDGE ( 'NONE', *, *, #676, .T. ) ;
#2474 = DIRECTION ( 'NONE',  ( -0.0000000000000000000, -1.000000000000000000, 0.0000000000000000000 ) ) ;
#2475 = ORIENTED_EDGE ( 'NONE', *, *, #2996, .F. ) ;
#2476 = DIRECTION ( 'NONE',  ( 0.0000000000000000000, 0.0000000000000000000, -1.000000000000000000 ) ) ;
#2477 = LINE ( 'NONE', #672, #3095 ) ;
#2478 = EDGE_LOOP ( 'NONE', ( #1584, #2167, #2816, #2726 ) ) ;
#2479 = VERTEX_POINT ( 'NONE', #1312 ) ;
#2480 = DIRECTION ( 'NONE',  ( 0.0000000000000000000, 1.000000000000000000, 0.0000000000000000000 ) ) ;
#2481 = ADVANCED_FACE ( 'NONE', ( #357 ), #43, .F. ) ;
#2482 = CARTESIAN_POINT ( 'NONE',  ( 0.2500000000000000600, 0.05500000000000000700, 0.0000000000000000000 ) ) ;
#2483 = ORIENTED_EDGE ( 'NONE', *, *, #8, .T. ) ;
#2484 = VECTOR ( 'NONE', #2711, 1000.000000000000000 ) ;
#2485 = CARTESIAN_POINT ( 'NONE',  ( 0.1023212946968995300, 0.1019999999999999900, 0.4700000000000000300 ) ) ;
#2486 =( NAMED_UNIT ( * ) PLANE_ANGLE_UNIT ( ) SI_UNIT ( $, .RADIAN. ) );
#2487 = AXIS2_PLACEMENT_3D ( 'NONE', #1276, #1121, #2282 ) ;
#2488 = EDGE_CURVE ( 'NONE', #2849, #986, #2942, .T. ) ;
#2489 = ORIENTED_EDGE ( 'NONE', *, *, #955, .F. ) ;
#2490 = LINE ( 'NONE', #819, #1160 ) ;
#2491 = ORIENTED_EDGE ( 'NONE', *, *, #657, .T. ) ;
#2492 = ORIENTED_EDGE ( 'NONE', *, *, #1214, .T. ) ;
#2493 = AXIS2_PLACEMENT_3D ( 'NONE', #625, #1648, #136 ) ;
#2494 = DIRECTION ( 'NONE',  ( -1.000000000000000000, -0.0000000000000000000, 0.0000000000000000000 ) ) ;
#2495 = VECTOR ( 'NONE', #278, 1000.000000000000000 ) ;
#2496 = CARTESIAN_POINT ( 'NONE',  ( 0.0000000000000000000, 0.0000000000000000000, -0.09999999999999999200 ) ) ;
#2497 = ADVANCED_FACE ( 'NONE', ( #1630 ), #565, .F. ) ;
#2498 = VERTEX_POINT ( 'NONE', #1073 ) ;
#2499 = FACE_OUTER_BOUND ( 'NONE', #564, .T. ) ;
#2500 = CARTESIAN_POINT ( 'NONE',  ( -0.3000000000000051500, 0.01999999999999999700, 0.5000000000000000000 ) ) ;
#2501 = VECTOR ( 'NONE', #1729, 1000.000000000000000 ) ;
#2502 = DIRECTION ( 'NONE',  ( 0.0000000000000000000, 1.000000000000000000, 0.0000000000000000000 ) ) ;
#2503 = CARTESIAN_POINT ( 'NONE',  ( 0.0000000000000000000, 0.02000000000000000000, 0.0000000000000000000 ) ) ;
#2504 = AXIS2_PLACEMENT_3D ( 'NONE', #2162, #2207, #2256 ) ;
#2505 = EDGE_LOOP ( 'NONE', ( #2436, #1254, #2293, #1501 ) ) ;
#2506 = CARTESIAN_POINT ( 'NONE',  ( -0.1000000000000134900, 0.3028427124746300200, -0.5000000000000000000 ) ) ;
#2507 = ORIENTED_EDGE ( 'NONE', *, *, #554, .T. ) ;
#2508 = ADVANCED_FACE ( 'NONE', ( #1277 ), #1822, .F. ) ;
#2509 = COLOUR_RGB ( '',1.000000000000000000, 0.8117647058823529400, 0.5019607843137254800 ) ;
#2510 = VERTEX_POINT ( 'NONE', #1578 ) ;
#2511 = ORIENTED_EDGE ( 'NONE', *, *, #1696, .F. ) ;
#2512 = DIRECTION ( 'NONE',  ( 0.0000000000000000000, -0.0000000000000000000, 1.000000000000000000 ) ) ;
#2513 = DIRECTION ( 'NONE',  ( -1.000000000000000000, 0.0000000000000000000, 0.0000000000000000000 ) ) ;
#2514 = EDGE_LOOP ( 'NONE', ( #1752, #2735, #1825, #860 ) ) ;
#2515 = VECTOR ( 'NONE', #2121, 1000.000000000000000 ) ;
#2516 = CARTESIAN_POINT ( 'NONE',  ( 0.3500000000000000300, 0.05500000000000000700, -0.3300000000000001300 ) ) ;
#2517 = COLOUR_RGB ( '',0.7921568627450980000, 0.8196078431372548800, 0.9333333333333333500 ) ;
#2518 = CARTESIAN_POINT ( 'NONE',  ( -0.2299999999999999500, 0.4000000000000000200, -0.3800000000000000000 ) ) ;
#2519 = ORIENTED_EDGE ( 'NONE', *, *, #1017, .T. ) ;
#2520 = LINE ( 'NONE', #1560, #524 ) ;
#2521 = ORIENTED_EDGE ( 'NONE', *, *, #2133, .T. ) ;
#2522 = ORIENTED_EDGE ( 'NONE', *, *, #2525, .T. ) ;
#2523 = AXIS2_PLACEMENT_3D ( 'NONE', #1052, #2620, #630 ) ;
#2524 = SURFACE_STYLE_FILL_AREA ( #2066 ) ;
#2525 = EDGE_CURVE ( 'NONE', #2183, #2748, #962, .T. ) ;
#2526 = EDGE_CURVE ( 'NONE', #2609, #2261, #2859, .T. ) ;
#2527 = ORIENTED_EDGE ( 'NONE', *, *, #471, .T. ) ;
#2528 = CARTESIAN_POINT ( 'NONE',  ( -0.3499999999999999200, 0.05500000000000000700, -0.07000000000000007600 ) ) ;
#2529 = VECTOR ( 'NONE', #2494, 1000.000000000000000 ) ;
#2530 = FILL_AREA_STYLE ('',( #779 ) ) ;
#2531 = MECHANICAL_DESIGN_GEOMETRIC_PRESENTATION_REPRESENTATION (  '', ( #2032 ), #2691 ) ;
#2532 = LINE ( 'NONE', #2350, #534 ) ;
#2533 = LINE ( 'NONE', #3162, #3160 ) ;
#2534 = CARTESIAN_POINT ( 'NONE',  ( -0.09999999999999796600, 0.3028427124746300200, -0.3000000000000000400 ) ) ;
#2535 = CARTESIAN_POINT ( 'NONE',  ( 0.3500000000000000300, 2.103840481040530000, 0.3300000000000000200 ) ) ;
#2536 = VECTOR ( 'NONE', #76, 1000.000000000000000 ) ;
#2537 = CIRCLE ( 'NONE', #1493, 0.05000000000000002400 ) ;
#2538 = CARTESIAN_POINT ( 'NONE',  ( 0.3500000000000000300, 0.0000000000000000000, 0.0000000000000000000 ) ) ;
#2539 = PRESENTATION_LAYER_ASSIGNMENT (  '', '', ( #2378 ) ) ;
#2540 = EDGE_CURVE ( 'NONE', #2883, #96, #284, .T. ) ;
#2541 = VERTEX_POINT ( 'NONE', #1330 ) ;
#2542 = CARTESIAN_POINT ( 'NONE',  ( 0.3500000000000000300, 0.0000000000000000000, 0.4700000000000000300 ) ) ;
#2543 = COLOUR_RGB ( '',1.000000000000000000, 0.8117647058823529400, 0.5019607843137254800 ) ;
#2544 = EDGE_LOOP ( 'NONE', ( #1832, #2316, #1634, #2473 ) ) ;
#2545 = AXIS2_PLACEMENT_3D ( 'NONE', #2731, #611, #617 ) ;
#2546 = DIRECTION ( 'NONE',  ( 1.000000000000000000, 0.0000000000000000000, -0.0000000000000000000 ) ) ;
#2547 = LINE ( 'NONE', #2418, #622 ) ;
#2548 = ORIENTED_EDGE ( 'NONE', *, *, #30, .F. ) ;
#2549 = ORIENTED_EDGE ( 'NONE', *, *, #1230, .F. ) ;
#2550 = CARTESIAN_POINT ( 'NONE',  ( -0.1023212946968994200, 0.1019999999999999900, -0.3300000000000001300 ) ) ;
#2551 = FACE_OUTER_BOUND ( 'NONE', #1608, .T. ) ;
#2552 = ORIENTED_EDGE ( 'NONE', *, *, #3048, .F. ) ;
#2553 =( NAMED_UNIT ( * ) PLANE_ANGLE_UNIT ( ) SI_UNIT ( $, .RADIAN. ) );
#2554 = ORIENTED_EDGE ( 'NONE', *, *, #237, .T. ) ;
#2555 = CARTESIAN_POINT ( 'NONE',  ( 0.0000000000000000000, 0.02000000000000000000, -0.5500000000000000400 ) ) ;
#2556 = LINE ( 'NONE', #2086, #2063 ) ;
#2557 = FACE_OUTER_BOUND ( 'NONE', #2229, .T. ) ;
#2558 = DIRECTION ( 'NONE',  ( 0.0000000000000000000, 0.0000000000000000000, 1.000000000000000000 ) ) ;
#2559 = ORIENTED_EDGE ( 'NONE', *, *, #2464, .F. ) ;
#2560 = ORIENTED_EDGE ( 'NONE', *, *, #511, .F. ) ;
#2561 = EDGE_LOOP ( 'NONE', ( #2008, #984, #1386, #627 ) ) ;
#2562 = CIRCLE ( 'NONE', #2095, 0.05000000000000002400 ) ;
#2563 = PLANE ( 'NONE',  #496 ) ;
#2564 = DIRECTION ( 'NONE',  ( 0.0000000000000000000, 1.000000000000000000, 0.0000000000000000000 ) ) ;
#2565 = EDGE_CURVE ( 'NONE', #3201, #3171, #885, .T. ) ;
#2566 = EDGE_CURVE ( 'NONE', #996, #2432, #2785, .T. ) ;
#2567 = COLOUR_RGB ( '',0.7921568627450980000, 0.8196078431372548800, 0.9333333333333333500 ) ;
#2568 = ORIENTED_EDGE ( 'NONE', *, *, #1444, .T. ) ;
#2569 = DIRECTION ( 'NONE',  ( 0.0000000000000000000, -0.0000000000000000000, 1.000000000000000000 ) ) ;
#2570 = CYLINDRICAL_SURFACE ( 'NONE', #2356, 0.05000000000000002400 ) ;
#2571 = CARTESIAN_POINT ( 'NONE',  ( -0.2499999999999999400, 0.1019999999999999900, -0.07000000000000007600 ) ) ;
#2572 = LINE ( 'NONE', #2727, #2501 ) ;
#2573 = DIRECTION ( 'NONE',  ( -1.000000000000000000, 0.0000000000000000000, 7.758821796849392400E-014 ) ) ;
#2574 = FILL_AREA_STYLE_COLOUR ( '', #1416 ) ;
#2575 = CARTESIAN_POINT ( 'NONE',  ( -0.2499999999999999400, 0.05500000000000000700, 0.06999999999999996500 ) ) ;
#2576 = CARTESIAN_POINT ( 'NONE',  ( -0.2499999999999999400, 0.05500000000000000700, 0.4700000000000000300 ) ) ;
#2577 = CARTESIAN_POINT ( 'NONE',  ( 0.2999999999999998800, 0.01999999999999999700, -0.5000000000000000000 ) ) ;
#2578 = VERTEX_POINT ( 'NONE', #2589 ) ;
#2579 = ORIENTED_EDGE ( 'NONE', *, *, #2724, .T. ) ;
#2580 = EDGE_CURVE ( 'NONE', #2253, #982, #2713, .T. ) ;
#2581 = EDGE_CURVE ( 'NONE', #2116, #726, #1485, .T. ) ;
#2582 = LINE ( 'NONE', #2701, #581 ) ;
#2583 = DIRECTION ( 'NONE',  ( 7.758821796849392400E-014, 0.0000000000000000000, 1.000000000000000000 ) ) ;
#2584 = CARTESIAN_POINT ( 'NONE',  ( -0.2299999999999999500, 0.3000000000000000400, -0.4300000000000000500 ) ) ;
#2585 = ORIENTED_EDGE ( 'NONE', *, *, #2804, .F. ) ;
#2586 = VERTEX_POINT ( 'NONE', #1839 ) ;
#2587 = PRESENTATION_LAYER_ASSIGNMENT (  '', '', ( #2275 ) ) ;
#2588 = ORIENTED_EDGE ( 'NONE', *, *, #1527, .T. ) ;
#2589 = CARTESIAN_POINT ( 'NONE',  ( 0.2500000000000000600, 0.05500000000000000700, 0.4700000000000000300 ) ) ;
#2590 = DIRECTION ( 'NONE',  ( 0.0000000000000000000, 1.000000000000000000, 0.0000000000000000000 ) ) ;
#2591 = LINE ( 'NONE', #2834, #63 ) ;
#2592 = VECTOR ( 'NONE', #1488, 1000.000000000000000 ) ;
#2593 = ORIENTED_EDGE ( 'NONE', *, *, #1495, .F. ) ;
#2594 = CARTESIAN_POINT ( 'NONE',  ( -0.2299999999999999500, 0.4000000000000000200, -0.4800000000000000900 ) ) ;
#2595 = LINE ( 'NONE', #1209, #592 ) ;
#2596 = DIRECTION ( 'NONE',  ( 0.0000000000000000000, 1.000000000000000000, 0.0000000000000000000 ) ) ;
#2597 = ORIENTED_EDGE ( 'NONE', *, *, #192, .T. ) ;
#2598 = VERTEX_POINT ( 'NONE', #3055 ) ;
#2599 = DIRECTION ( 'NONE',  ( -0.0000000000000000000, 0.0000000000000000000, 1.000000000000000000 ) ) ;
#2600 = CYLINDRICAL_SURFACE ( 'NONE', #1195, 0.05000000000000002400 ) ;
#2601 = CARTESIAN_POINT ( 'NONE',  ( 0.3500000000000000300, 0.05500000000000000700, 0.06999999999999996500 ) ) ;
#2602 = EDGE_CURVE ( 'NONE', #2904, #1251, #37, .T. ) ;
#2603 = LINE ( 'NONE', #2577, #2529 ) ;
#2604 = LINE ( 'NONE', #2092, #599 ) ;
#2605 = VERTEX_POINT ( 'NONE', #1341 ) ;
#2606 = CARTESIAN_POINT ( 'NONE',  ( -0.2499999999999999400, 0.05500000000000000700, -0.3300000000000001300 ) ) ;
#2607 = CARTESIAN_POINT ( 'NONE',  ( -0.3000000000000135300, 0.3028427124746300200, -0.4999999999999998900 ) ) ;
#2608 = VECTOR ( 'NONE', #17, 1000.000000000000000 ) ;
#2609 = VERTEX_POINT ( 'NONE', #852 ) ;
#2610 = CARTESIAN_POINT ( 'NONE',  ( -0.3499999999999999200, 0.1019999999999999900, -0.4700000000000001400 ) ) ;
#2611 = VECTOR ( 'NONE', #2126, 1000.000000000000000 ) ;
#2612 = DIRECTION ( 'NONE',  ( 0.0000000000000000000, 0.0000000000000000000, -1.000000000000000000 ) ) ;
#2613 = LINE ( 'NONE', #2165, #609 ) ;
#2614 = CARTESIAN_POINT ( 'NONE',  ( -0.3000000000000051500, 0.3028427124746300200, 0.5000000000000000000 ) ) ;
#2615 = DIRECTION ( 'NONE',  ( 0.0000000000000000000, -1.000000000000000000, 0.0000000000000000000 ) ) ;
#2616 = ORIENTED_EDGE ( 'NONE', *, *, #1745, .F. ) ;
#2617 = PLANE ( 'NONE',  #791 ) ;
#2618 = ADVANCED_FACE ( 'NONE', ( #1390 ), #2106, .T. ) ;
#2619 = VECTOR ( 'NONE', #2038, 1000.000000000000000 ) ;
#2620 = DIRECTION ( 'NONE',  ( 0.0000000000000000000, 0.0000000000000000000, -1.000000000000000000 ) ) ;
#2621 = VERTEX_POINT ( 'NONE', #2835 ) ;
#2622 = VERTEX_POINT ( 'NONE', #344 ) ;
#2623 = CARTESIAN_POINT ( 'NONE',  ( -0.09999999999999381600, 0.3028427124746300200, 0.09999999999999999200 ) ) ;
#2624 = FACE_OUTER_BOUND ( 'NONE', #1019, .T. ) ;
#2625 = AXIS2_PLACEMENT_3D ( 'NONE', #493, #506, #549 ) ;
#2626 = EDGE_CURVE ( 'NONE', #584, #1, #1986, .T. ) ;
#2627 = EDGE_CURVE ( 'NONE', #823, #1311, #129, .T. ) ;
#2628 = CARTESIAN_POINT ( 'NONE',  ( -0.2499999999999999400, 0.1019999999999999900, -0.3300000000000001300 ) ) ;
#2629 = DIRECTION ( 'NONE',  ( -0.0000000000000000000, 0.0000000000000000000, -1.000000000000000000 ) ) ;
#2630 = CARTESIAN_POINT ( 'NONE',  ( 0.0000000000000000000, 0.0000000000000000000, -0.3000000000000000400 ) ) ;
#2631 = VECTOR ( 'NONE', #353, 1000.000000000000000 ) ;
#2632 = ORIENTED_EDGE ( 'NONE', *, *, #1715, .T. ) ;
#2633 = DIRECTION ( 'NONE',  ( 0.0000000000000000000, 1.000000000000000000, 0.0000000000000000000 ) ) ;
#2634 = CLOSED_SHELL ( 'NONE', ( #755, #1629, #649, #2508, #2161, #191 ) ) ;
#2635 = LINE ( 'NONE', #3028, #1985 ) ;
#2636 = DIRECTION ( 'NONE',  ( 0.0000000000000000000, 1.000000000000000000, 0.0000000000000000000 ) ) ;
#2637 = ADVANCED_FACE ( 'NONE', ( #1310 ), #3076, .T. ) ;
#2638 = VECTOR ( 'NONE', #2599, 1000.000000000000000 ) ;
#2639 = CARTESIAN_POINT ( 'NONE',  ( 0.2500000000000000600, 0.05500000000000000700, -0.3300000000000001300 ) ) ;
#2640 = EDGE_LOOP ( 'NONE', ( #249, #981 ) ) ;
#2641 = DIRECTION ( 'NONE',  ( -0.0000000000000000000, 0.0000000000000000000, -1.000000000000000000 ) ) ;
#2642 = DIRECTION ( 'NONE',  ( 0.0000000000000000000, 1.000000000000000000, 0.0000000000000000000 ) ) ;
#2643 = CARTESIAN_POINT ( 'NONE',  ( -0.2499999999999999400, 0.1019999999999999900, 0.3300000000000000200 ) ) ;
#2644 = PLANE ( 'NONE',  #2025 ) ;
#2645 = VERTEX_POINT ( 'NONE', #2363 ) ;
#2646 = STYLED_ITEM ( 'NONE', ( #2800 ), #368 ) ;
#2647 = VECTOR ( 'NONE', #1279, 1000.000000000000000 ) ;
#2648 = EDGE_CURVE ( 'NONE', #2367, #1345, #3142, .T. ) ;
#2649 = CARTESIAN_POINT ( 'NONE',  ( -0.3499999999999999200, 0.05500000000000000700, -0.3300000000000001300 ) ) ;
#2650 = CARTESIAN_POINT ( 'NONE',  ( -0.3499999999999999200, 0.05500000000000000700, 0.06999999999999996500 ) ) ;
#2651 = LINE ( 'NONE', #3078, #571 ) ;
#2652 = ORIENTED_EDGE ( 'NONE', *, *, #725, .F. ) ;
#2653 = PLANE ( 'NONE',  #824 ) ;
#2654 = FILL_AREA_STYLE ('',( #1656 ) ) ;
#2655 = DIRECTION ( 'NONE',  ( 0.0000000000000000000, 0.0000000000000000000, -1.000000000000000000 ) ) ;
#2656 = ADVANCED_FACE ( 'NONE', ( #2557 ), #2617, .F. ) ;
#2657 = PLANE ( 'NONE',  #975 ) ;
#2658 = DIRECTION ( 'NONE',  ( -0.0000000000000000000, 0.0000000000000000000, -1.000000000000000000 ) ) ;
#2659 = CARTESIAN_POINT ( 'NONE',  ( -0.2499999999999999400, 0.05500000000000000700, 0.4700000000000000300 ) ) ;
#2660 = PRESENTATION_STYLE_ASSIGNMENT (( #1325 ) ) ;
#2661 = ORIENTED_EDGE ( 'NONE', *, *, #1848, .T. ) ;
#2662 = CARTESIAN_POINT ( 'NONE',  ( -0.2499999999999999400, 0.05500000000000000700, -0.4700000000000001400 ) ) ;
#2663 = UNCERTAINTY_MEASURE_WITH_UNIT (LENGTH_MEASURE( 1.000000000000000100E-005 ), #2933, 'distance_accuracy_value', 'NONE');
#2664 = FACE_BOUND ( 'NONE', #2505, .T. ) ;
#2665 = ORIENTED_EDGE ( 'NONE', *, *, #1170, .F. ) ;
#2666 = ORIENTED_EDGE ( 'NONE', *, *, #1795, .T. ) ;
#2667 = EDGE_LOOP ( 'NONE', ( #251, #317, #2665, #945 ) ) ;
#2668 = DIRECTION ( 'NONE',  ( -0.0000000000000000000, -1.000000000000000000, -0.0000000000000000000 ) ) ;
#2669 = LINE ( 'NONE', #836, #1339 ) ;
#2670 = DIRECTION ( 'NONE',  ( -0.0000000000000000000, -1.000000000000000000, -0.0000000000000000000 ) ) ;
#2671 = FACE_OUTER_BOUND ( 'NONE', #316, .T. ) ;
#2672 = CARTESIAN_POINT ( 'NONE',  ( 0.2500000000000000600, 0.1019999999999999900, -0.3300000000000001300 ) ) ;
#2673 = EDGE_LOOP ( 'NONE', ( #3034, #2988, #2720, #2228 ) ) ;
#2674 = VECTOR ( 'NONE', #1137, 1000.000000000000000 ) ;
#2675 = DIRECTION ( 'NONE',  ( -1.000000000000000000, -0.0000000000000000000, 0.0000000000000000000 ) ) ;
#2676 = ORIENTED_EDGE ( 'NONE', *, *, #1697, .T. ) ;
#2677 = VERTEX_POINT ( 'NONE', #1375 ) ;
#2678 = FACE_OUTER_BOUND ( 'NONE', #2097, .T. ) ;
#2679 = CARTESIAN_POINT ( 'NONE',  ( 0.0000000000000000000, 0.02000000000000000000, 0.0000000000000000000 ) ) ;
#2680 = LINE ( 'NONE', #2368, #688 ) ;
#2681 = LINE ( 'NONE', #2024, #689 ) ;
#2682 = FILL_AREA_STYLE ('',( #2437 ) ) ;
#2683 = ADVANCED_FACE ( 'NONE', ( #202 ), #3084, .F. ) ;
#2684 = VECTOR ( 'NONE', #1156, 1000.000000000000000 ) ;
#2685 = EDGE_CURVE ( 'NONE', #3208, #1371, #2125, .T. ) ;
#2686 = EDGE_CURVE ( 'NONE', #547, #677, #1537, .T. ) ;
#2687 = LINE ( 'NONE', #1044, #2611 ) ;
#2688 = CARTESIAN_POINT ( 'NONE',  ( 0.3500000000000000300, 0.0000000000000000000, 0.0000000000000000000 ) ) ;
#2689 = LINE ( 'NONE', #2897, #701 ) ;
#2690 = AXIS2_PLACEMENT_3D ( 'NONE', #816, #2811, #1320 ) ;
#2691 =( GEOMETRIC_REPRESENTATION_CONTEXT ( 3 ) GLOBAL_UNCERTAINTY_ASSIGNED_CONTEXT ( ( #1836 ) ) GLOBAL_UNIT_ASSIGNED_CONTEXT ( ( #2051, #541, #2302 ) ) REPRESENTATION_CONTEXT ( 'NONE', 'WORKASPACE' ) );
#2692 = DIRECTION ( 'NONE',  ( -0.0000000000000000000, -1.000000000000000000, -0.0000000000000000000 ) ) ;
#2693 = ORIENTED_EDGE ( 'NONE', *, *, #271, .F. ) ;
#2694 = EDGE_LOOP ( 'NONE', ( #2475, #505, #2108, #1571 ) ) ;
#2695 = FACE_OUTER_BOUND ( 'NONE', #1433, .T. ) ;
#2696 = ORIENTED_EDGE ( 'NONE', *, *, #1923, .F. ) ;
#2697 = ADVANCED_FACE ( 'NONE', ( #1468 ), #1389, .T. ) ;
#2698 = LINE ( 'NONE', #3110, #110 ) ;
#2699 = DIRECTION ( 'NONE',  ( 1.000000000000000000, 0.0000000000000000000, -0.0000000000000000000 ) ) ;
#2700 = DIRECTION ( 'NONE',  ( -1.000000000000000000, -0.0000000000000000000, 0.0000000000000000000 ) ) ;
#2701 = CARTESIAN_POINT ( 'NONE',  ( 0.1000000000000082200, 0.3028427124746300200, 0.3000000000000000400 ) ) ;
#2702 = SURFACE_STYLE_FILL_AREA ( #2654 ) ;
#2703 = MECHANICAL_DESIGN_GEOMETRIC_PRESENTATION_REPRESENTATION (  '', ( #2378 ), #2862 ) ;
#2704 = EDGE_CURVE ( 'NONE', #1026, #963, #2049, .T. ) ;
#2705 = ORIENTED_EDGE ( 'NONE', *, *, #3049, .F. ) ;
#2706 = VECTOR ( 'NONE', #40, 1000.000000000000000 ) ;
#2707 = CARTESIAN_POINT ( 'NONE',  ( -0.3499999999999999200, 0.1020000000000000100, 0.4700000000000000300 ) ) ;
#2708 = EDGE_LOOP ( 'NONE', ( #3070, #1928, #872, #928 ) ) ;
#2709 = VERTEX_POINT ( 'NONE', #2154 ) ;
#2710 = VERTEX_POINT ( 'NONE', #902 ) ;
#2711 = DIRECTION ( 'NONE',  ( 1.000000000000000000, 0.0000000000000000000, 0.0000000000000000000 ) ) ;
#2712 = VECTOR ( 'NONE', #3060, 1000.000000000000000 ) ;
#2713 = LINE ( 'NONE', #1830, #2064 ) ;
#2714 = ORIENTED_EDGE ( 'NONE', *, *, #2071, .T. ) ;
#2715 = FILL_AREA_STYLE_COLOUR ( '', #2509 ) ;
#2716 = ADVANCED_FACE ( 'NONE', ( #1373 ), #1895, .F. ) ;
#2717 = SURFACE_SIDE_STYLE ('',( #811 ) ) ;
#2718 = CARTESIAN_POINT ( 'NONE',  ( 0.3500000000000000300, 0.1020000000000000100, -0.4700000000000001400 ) ) ;
#2719 = LINE ( 'NONE', #1138, #805 ) ;
#2720 = ORIENTED_EDGE ( 'NONE', *, *, #1765, .T. ) ;
#2721 = VECTOR ( 'NONE', #1653, 1000.000000000000000 ) ;
#2722 = CARTESIAN_POINT ( 'NONE',  ( 0.0000000000000000000, 0.0000000000000000000, 0.0000000000000000000 ) ) ;
#2723 = AXIS2_PLACEMENT_3D ( 'NONE', #2175, #2195, #2205 ) ;
#2724 = EDGE_CURVE ( 'NONE', #1162, #119, #2698, .T. ) ;
#2725 = EDGE_CURVE ( 'NONE', #2033, #638, #23, .T. ) ;
#2726 = ORIENTED_EDGE ( 'NONE', *, *, #1171, .T. ) ;
#2727 = CARTESIAN_POINT ( 'NONE',  ( 0.1023212946968995300, 0.05500000000000000700, -0.07000000000000007600 ) ) ;
#2728 = ADVANCED_FACE ( 'NONE', ( #711 ), #912, .T. ) ;
#2729 = VERTEX_POINT ( 'NONE', #2643 ) ;
#2730 = SURFACE_STYLE_FILL_AREA ( #1084 ) ;
#2731 = CARTESIAN_POINT ( 'NONE',  ( 0.3500000000000000300, 2.103840481040530000, 0.5500000000000000400 ) ) ;
#2732 = ORIENTED_EDGE ( 'NONE', *, *, #2912, .F. ) ;
#2733 = DIRECTION ( 'NONE',  ( -1.000000000000000000, -0.0000000000000000000, 0.0000000000000000000 ) ) ;
#2734 = FACE_OUTER_BOUND ( 'NONE', #432, .T. ) ;
#2735 = ORIENTED_EDGE ( 'NONE', *, *, #404, .T. ) ;
#2736 = ORIENTED_EDGE ( 'NONE', *, *, #2090, .T. ) ;
#2737 = EDGE_LOOP ( 'NONE', ( #1436, #1818, #1535, #282 ) ) ;
#2738 = CARTESIAN_POINT ( 'NONE',  ( 0.2500000000000000600, 0.05500000000000000700, 0.0000000000000000000 ) ) ;
#2739 = EDGE_LOOP ( 'NONE', ( #1387, #16, #2277, #2440 ) ) ;
#2740 = FACE_OUTER_BOUND ( 'NONE', #661, .T. ) ;
#2741 = DIRECTION ( 'NONE',  ( 0.0000000000000000000, -1.000000000000000000, 0.0000000000000000000 ) ) ;
#2742 = ADVANCED_FACE ( 'NONE', ( #3176 ), #2896, .F. ) ;
#2743 = AXIS2_PLACEMENT_3D ( 'NONE', #918, #2612, #3064 ) ;
#2744 = EDGE_CURVE ( 'NONE', #1735, #1570, #2547, .T. ) ;
#2745 = ORIENTED_EDGE ( 'NONE', *, *, #2704, .T. ) ;
#2746 = EDGE_CURVE ( 'NONE', #2144, #1227, #1298, .T. ) ;
#2747 = LINE ( 'NONE', #780, #1437 ) ;
#2748 = VERTEX_POINT ( 'NONE', #660 ) ;
#2749 = ORIENTED_EDGE ( 'NONE', *, *, #1777, .F. ) ;
#2750 = AXIS2_PLACEMENT_3D ( 'NONE', #306, #957, #1118 ) ;
#2751 = MECHANICAL_DESIGN_GEOMETRIC_PRESENTATION_REPRESENTATION (  '', ( #2275 ), #2915 ) ;
#2752 = LINE ( 'NONE', #3006, #2022 ) ;
#2753 = FACE_OUTER_BOUND ( 'NONE', #1391, .T. ) ;
#2754 = DIRECTION ( 'NONE',  ( 0.0000000000000000000, 1.000000000000000000, 0.0000000000000000000 ) ) ;
#2755 = ADVANCED_BREP_SHAPE_REPRESENTATION ( 'BGS12P2L6E6327XTSA1', ( #484, #1888, #1064, #2243, #2795, #3105, #1993, #2468, #2894, #815, #368, #3009, #134, #1301, #1239 ), #2958 ) ;
#2756 = DIRECTION ( 'NONE',  ( 0.0000000000000000000, -0.0000000000000000000, 1.000000000000000000 ) ) ;
#2757 = LINE ( 'NONE', #1953, #774 ) ;
#2758 = VECTOR ( 'NONE', #2416, 1000.000000000000000 ) ;
#2759 = DIRECTION ( 'NONE',  ( 7.758821796849392400E-014, 0.0000000000000000000, 1.000000000000000000 ) ) ;
#2760 = ADVANCED_FACE ( 'NONE', ( #2624 ), #3128, .F. ) ;
#2761 = CARTESIAN_POINT ( 'NONE',  ( 0.2500000000000000600, 0.1019999999999999900, 0.4700000000000000300 ) ) ;
#2762 = EDGE_CURVE ( 'NONE', #1787, #1478, #2477, .T. ) ;
#2763 = EDGE_CURVE ( 'NONE', #1371, #2510, #1890, .T. ) ;
#2764 = DIRECTION ( 'NONE',  ( 0.0000000000000000000, -0.0000000000000000000, 1.000000000000000000 ) ) ;
#2765 = DIRECTION ( 'NONE',  ( 0.0000000000000000000, 1.000000000000000000, 0.0000000000000000000 ) ) ;
#2766 = VERTEX_POINT ( 'NONE', #427 ) ;
#2767 = AXIS2_PLACEMENT_3D ( 'NONE', #1732, #1722, #1725 ) ;
#2768 = DIRECTION ( 'NONE',  ( 0.0000000000000000000, -0.0000000000000000000, -1.000000000000000000 ) ) ;
#2769 = ORIENTED_EDGE ( 'NONE', *, *, #48, .T. ) ;
#2770 = PLANE ( 'NONE',  #172 ) ;
#2771 = FACE_OUTER_BOUND ( 'NONE', #1941, .T. ) ;
#2772 = VERTEX_POINT ( 'NONE', #935 ) ;
#2773 = EDGE_LOOP ( 'NONE', ( #2433, #1512, #2522, #859 ) ) ;
#2774 = VECTOR ( 'NONE', #2629, 1000.000000000000000 ) ;
#2775 = EDGE_LOOP ( 'NONE', ( #1000, #383, #910, #3178 ) ) ;
#2776 = DIRECTION ( 'NONE',  ( 0.0000000000000000000, 0.0000000000000000000, 1.000000000000000000 ) ) ;
#2777 = ORIENTED_EDGE ( 'NONE', *, *, #449, .F. ) ;
#2778 = DIRECTION ( 'NONE',  ( 1.000000000000000000, 0.0000000000000000000, 0.0000000000000000000 ) ) ;
#2779 = VECTOR ( 'NONE', #1462, 1000.000000000000000 ) ;
#2780 = CARTESIAN_POINT ( 'NONE',  ( 0.1000000000000020200, 0.3028427124746300200, -0.3000000000000000400 ) ) ;
#2781 = VECTOR ( 'NONE', #750, 1000.000000000000000 ) ;
#2782 = VERTEX_POINT ( 'NONE', #1186 ) ;
#2783 = ORIENTED_EDGE ( 'NONE', *, *, #1422, .T. ) ;
#2784 = DIRECTION ( 'NONE',  ( 0.0000000000000000000, 1.000000000000000000, -0.0000000000000000000 ) ) ;
#2785 = LINE ( 'NONE', #839, #799 ) ;
#2786 = EDGE_CURVE ( 'NONE', #1264, #285, #548, .T. ) ;
#2787 = EDGE_CURVE ( 'NONE', #2846, #1198, #478, .T. ) ;
#2788 = ORIENTED_EDGE ( 'NONE', *, *, #1538, .T. ) ;
#2789 = CARTESIAN_POINT ( 'NONE',  ( 0.3500000000000000300, 0.1020000000000000900, 0.5500000000000000400 ) ) ;
#2790 = FACE_OUTER_BOUND ( 'NONE', #2856, .T. ) ;
#2791 = CARTESIAN_POINT ( 'NONE',  ( -0.2499999999999999400, 0.1019999999999999900, 0.07000000000000002100 ) ) ;
#2792 = AXIS2_PLACEMENT_3D ( 'NONE', #2136, #2385, #888 ) ;
#2793 = CARTESIAN_POINT ( 'NONE',  ( 0.2500000000000000600, 0.0000000000000000000, 0.0000000000000000000 ) ) ;
#2794 = PLANE ( 'NONE',  #2504 ) ;
#2795 = MANIFOLD_SOLID_BREP ( 'Boss-Extrude5', #1684 ) ;
#2796 = VECTOR ( 'NONE', #730, 1000.000000000000000 ) ;
#2797 = DIRECTION ( 'NONE',  ( -1.000000000000000000, -0.0000000000000000000, 0.0000000000000000000 ) ) ;
#2798 = CARTESIAN_POINT ( 'NONE',  ( -0.3499999999999999200, 0.1019999999999999900, -0.3300000000000001300 ) ) ;
#2799 = LINE ( 'NONE', #15, #2155 ) ;
#2800 = PRESENTATION_STYLE_ASSIGNMENT (( #1980 ) ) ;
#2801 = SURFACE_SIDE_STYLE ('',( #331 ) ) ;
#2802 = VERTEX_POINT ( 'NONE', #943 ) ;
#2803 = PRESENTATION_LAYER_ASSIGNMENT (  '', '', ( #2646 ) ) ;
#2804 = EDGE_CURVE ( 'NONE', #1293, #720, #1507, .T. ) ;
#2805 = CARTESIAN_POINT ( 'NONE',  ( -0.1023212946968994200, 0.1019999999999999900, -0.3300000000000001300 ) ) ;
#2806 = CARTESIAN_POINT ( 'NONE',  ( 0.3000000000000040400, 0.01999999999999999700, 0.09999999999999993600 ) ) ;
#2807 = VECTOR ( 'NONE', #41, 1000.000000000000000 ) ;
#2808 = ORIENTED_EDGE ( 'NONE', *, *, #310, .F. ) ;
#2809 = AXIS2_PLACEMENT_3D ( 'NONE', #2793, #2885, #2899 ) ;
#2810 = AXIS2_PLACEMENT_3D ( 'NONE', #1153, #2881, #1402 ) ;
#2811 = DIRECTION ( 'NONE',  ( 0.0000000000000000000, 1.000000000000000000, 0.0000000000000000000 ) ) ;
#2812 = CARTESIAN_POINT ( 'NONE',  ( -0.1000000000000093500, 0.01999999999999999700, -0.09999999999999996400 ) ) ;
#2813 = ORIENTED_EDGE ( 'NONE', *, *, #1697, .F. ) ;
#2814 = DIRECTION ( 'NONE',  ( -0.0000000000000000000, -1.000000000000000000, -0.0000000000000000000 ) ) ;
#2815 = ORIENTED_EDGE ( 'NONE', *, *, #149, .F. ) ;
#2816 = ORIENTED_EDGE ( 'NONE', *, *, #1906, .T. ) ;
#2817 = ORIENTED_EDGE ( 'NONE', *, *, #629, .T. ) ;
#2818 = CARTESIAN_POINT ( 'NONE',  ( 0.0000000000000000000, 0.0000000000000000000, 0.5000000000000000000 ) ) ;
#2819 = SURFACE_SIDE_STYLE ('',( #2730 ) ) ;
#2820 = FACE_OUTER_BOUND ( 'NONE', #585, .T. ) ;
#2821 = CARTESIAN_POINT ( 'NONE',  ( -0.2499999999999999400, 0.1019999999999999900, 0.3300000000000000200 ) ) ;
#2822 = EDGE_LOOP ( 'NONE', ( #1772, #2372, #704, #2055 ) ) ;
#2823 = DIRECTION ( 'NONE',  ( 1.000000000000000000, -0.0000000000000000000, 0.0000000000000000000 ) ) ;
#2824 = VECTOR ( 'NONE', #635, 1000.000000000000000 ) ;
#2825 = ORIENTED_EDGE ( 'NONE', *, *, #1396, .T. ) ;
#2826 = CARTESIAN_POINT ( 'NONE',  ( -0.3000000000000051500, 0.0000000000000000000, 0.0000000000000000000 ) ) ;
#2827 = ORIENTED_EDGE ( 'NONE', *, *, #826, .F. ) ;
#2828 = FACE_OUTER_BOUND ( 'NONE', #1660, .T. ) ;
#2829 = DIRECTION ( 'NONE',  ( 1.000000000000000000, 0.0000000000000000000, -0.0000000000000000000 ) ) ;
#2830 = AXIS2_PLACEMENT_3D ( 'NONE', #2236, #1889, #1893 ) ;
#2831 = VECTOR ( 'NONE', #1761, 1000.000000000000000 ) ;
#2832 = DIRECTION ( 'NONE',  ( -0.0000000000000000000, -0.0000000000000000000, -1.000000000000000000 ) ) ;
#2833 = CARTESIAN_POINT ( 'NONE',  ( 0.3000000000000082000, 0.0000000000000000000, 0.0000000000000000000 ) ) ;
#2834 = CARTESIAN_POINT ( 'NONE',  ( -0.3499999999999999200, 0.05499999999999992400, 0.5500000000000000400 ) ) ;
#2835 = CARTESIAN_POINT ( 'NONE',  ( -0.3000000000000135300, 0.0000000000000000000, -0.5000000000000000000 ) ) ;
#2836 = DIRECTION ( 'NONE',  ( -0.0000000000000000000, 1.000000000000000000, 0.0000000000000000000 ) ) ;
#2837 = CARTESIAN_POINT ( 'NONE',  ( 0.3500000000000000300, 0.1019999999999999900, 0.06999999999999996500 ) ) ;
#2838 = ORIENTED_EDGE ( 'NONE', *, *, #2091, .T. ) ;
#2839 = ORIENTED_EDGE ( 'NONE', *, *, #147, .F. ) ;
#2840 = ORIENTED_EDGE ( 'NONE', *, *, #2566, .T. ) ;
#2841 = AXIS2_PLACEMENT_3D ( 'NONE', #896, #1550, #264 ) ;
#2842 = EDGE_CURVE ( 'NONE', #1028, #1787, #1806, .T. ) ;
#2843 = EDGE_CURVE ( 'NONE', #3205, #2225, #2170, .T. ) ;
#2844 = LINE ( 'NONE', #3199, #266 ) ;
#2845 = ORIENTED_EDGE ( 'NONE', *, *, #2071, .F. ) ;
#2846 = VERTEX_POINT ( 'NONE', #2938 ) ;
#2847 = ORIENTED_EDGE ( 'NONE', *, *, #742, .T. ) ;
#2848 = PLANE ( 'NONE',  #843 ) ;
#2849 = VERTEX_POINT ( 'NONE', #3165 ) ;
#2850 = DIRECTION ( 'NONE',  ( -0.0000000000000000000, 1.000000000000000000, 0.0000000000000000000 ) ) ;
#2851 = ADVANCED_FACE ( 'NONE', ( #2734 ), #445, .T. ) ;
#2852 = LINE ( 'NONE', #2237, #2221 ) ;
#2853 = DIRECTION ( 'NONE',  ( -0.0000000000000000000, 0.0000000000000000000, -1.000000000000000000 ) ) ;
#2854 = VECTOR ( 'NONE', #479, 1000.000000000000000 ) ;
#2855 = CARTESIAN_POINT ( 'NONE',  ( 0.3000000000000020400, 0.0000000000000000000, -0.3000000000000000400 ) ) ;
#2856 = EDGE_LOOP ( 'NONE', ( #3138, #153, #2714, #1775 ) ) ;
#2857 = ORIENTED_EDGE ( 'NONE', *, *, #3089, .T. ) ;
#2858 = DIRECTION ( 'NONE',  ( 0.0000000000000000000, 0.0000000000000000000, 1.000000000000000000 ) ) ;
#2859 = LINE ( 'NONE', #2821, #1551 ) ;
#2860 = ORIENTED_EDGE ( 'NONE', *, *, #744, .T. ) ;
#2861 = CARTESIAN_POINT ( 'NONE',  ( 0.0000000000000000000, 0.0000000000000000000, -0.5000000000000000000 ) ) ;
#2862 =( GEOMETRIC_REPRESENTATION_CONTEXT ( 3 ) GLOBAL_UNCERTAINTY_ASSIGNED_CONTEXT ( ( #1405 ) ) GLOBAL_UNIT_ASSIGNED_CONTEXT ( ( #2185, #50, #626 ) ) REPRESENTATION_CONTEXT ( 'NONE', 'WORKASPACE' ) );
#2863 = LINE ( 'NONE', #1161, #891 ) ;
#2864 = EDGE_CURVE ( 'NONE', #1549, #1486, #1424, .T. ) ;
#2865 = DIRECTION ( 'NONE',  ( 0.0000000000000000000, -0.0000000000000000000, 1.000000000000000000 ) ) ;
#2866 = CARTESIAN_POINT ( 'NONE',  ( 0.3500000000000000300, 0.1019999999999999900, -0.4700000000000001400 ) ) ;
#2867 = AXIS2_PLACEMENT_3D ( 'NONE', #538, #1406, #1409 ) ;
#2868 = FACE_OUTER_BOUND ( 'NONE', #1419, .T. ) ;
#2869 = ORIENTED_EDGE ( 'NONE', *, *, #826, .T. ) ;
#2870 = CARTESIAN_POINT ( 'NONE',  ( 0.2500000000000000600, 0.1019999999999999900, -0.07000000000000007600 ) ) ;
#2871 = DIRECTION ( 'NONE',  ( 0.0000000000000000000, -0.0000000000000000000, 1.000000000000000000 ) ) ;
#2872 = ADVANCED_FACE ( 'NONE', ( #749 ), #1223, .F. ) ;
#2873 = CIRCLE ( 'NONE', #1016, 0.05000000000000002400 ) ;
#2874 = ORIENTED_EDGE ( 'NONE', *, *, #1633, .T. ) ;
#2875 = PLANE ( 'NONE',  #2809 ) ;
#2876 = VECTOR ( 'NONE', #1009, 1000.000000000000000 ) ;
#2877 = SURFACE_STYLE_USAGE ( .BOTH. , #1487 ) ;
#2878 = ORIENTED_EDGE ( 'NONE', *, *, #176, .F. ) ;
#2879 = FILL_AREA_STYLE_COLOUR ( '', #967 ) ;
#2880 = CARTESIAN_POINT ( 'NONE',  ( 0.0000000000000000000, 0.0000000000000000000, 0.0000000000000000000 ) ) ;
#2881 = DIRECTION ( 'NONE',  ( 0.0000000000000000000, 0.0000000000000000000, 1.000000000000000000 ) ) ;
#2882 = LINE ( 'NONE', #550, #1503 ) ;
#2883 = VERTEX_POINT ( 'NONE', #1977 ) ;
#2884 = ORIENTED_EDGE ( 'NONE', *, *, #976, .T. ) ;
#2885 = DIRECTION ( 'NONE',  ( -1.000000000000000000, 0.0000000000000000000, 0.0000000000000000000 ) ) ;
#2886 = ORIENTED_EDGE ( 'NONE', *, *, #1471, .T. ) ;
#2887 = VERTEX_POINT ( 'NONE', #219 ) ;
#2888 = CARTESIAN_POINT ( 'NONE',  ( 0.3000000000000082000, 0.3028427124746300200, 0.3000000000000000400 ) ) ;
#2889 = ORIENTED_EDGE ( 'NONE', *, *, #2439, .T. ) ;
#2890 = ADVANCED_FACE ( 'NONE', ( #2005, #56, #2664, #664 ), #1727, .F. ) ;
#2891 = EDGE_CURVE ( 'NONE', #474, #155, #1930, .T. ) ;
#2892 = EDGE_CURVE ( 'NONE', #1486, #1028, #2582, .T. ) ;
#2893 = SURFACE_STYLE_USAGE ( .BOTH. , #1163 ) ;
#2894 = MANIFOLD_SOLID_BREP ( 'Boss-Extrude3[3]', #2445 ) ;
#2895 = ORIENTED_EDGE ( 'NONE', *, *, #917, .F. ) ;
#2896 = PLANE ( 'NONE',  #243 ) ;
#2897 = CARTESIAN_POINT ( 'NONE',  ( 0.3500000000000000300, 0.0000000000000000000, 0.06999999999999996500 ) ) ;
#2898 = FACE_BOUND ( 'NONE', #117, .T. ) ;
#2899 = DIRECTION ( 'NONE',  ( 0.0000000000000000000, 0.0000000000000000000, 1.000000000000000000 ) ) ;
#2900 = ORIENTED_EDGE ( 'NONE', *, *, #47, .F. ) ;
#2901 = FACE_OUTER_BOUND ( 'NONE', #20, .T. ) ;
#2902 = CARTESIAN_POINT ( 'NONE',  ( -0.3499999999999999200, 0.05500000000000000700, 0.4700000000000000300 ) ) ;
#2903 = ORIENTED_EDGE ( 'NONE', *, *, #1990, .F. ) ;
#2904 = VERTEX_POINT ( 'NONE', #974 ) ;
#2905 = FILL_AREA_STYLE ('',( #2879 ) ) ;
#2906 = VECTOR ( 'NONE', #85, 1000.000000000000000 ) ;
#2907 = CARTESIAN_POINT ( 'NONE',  ( 0.1023212946968995300, 0.1019999999999999900, 0.3300000000000000200 ) ) ;
#2908 = ADVANCED_FACE ( 'NONE', ( #1263 ), #1242, .T. ) ;
#2909 = DIRECTION ( 'NONE',  ( 1.000000000000000000, 0.0000000000000000000, 0.0000000000000000000 ) ) ;
#2910 = LINE ( 'NONE', #1802, #1525 ) ;
#2911 = EDGE_CURVE ( 'NONE', #61, #1972, #2287, .T. ) ;
#2912 = EDGE_CURVE ( 'NONE', #1236, #2101, #2923, .T. ) ;
#2913 = SURFACE_SIDE_STYLE ('',( #2304 ) ) ;
#2914 = CARTESIAN_POINT ( 'NONE',  ( -0.2299999999999999500, 0.3000000000000000400, -0.4300000000000000500 ) ) ;
#2915 =( GEOMETRIC_REPRESENTATION_CONTEXT ( 3 ) GLOBAL_UNCERTAINTY_ASSIGNED_CONTEXT ( ( #1266 ) ) GLOBAL_UNIT_ASSIGNED_CONTEXT ( ( #731, #2486, #988 ) ) REPRESENTATION_CONTEXT ( 'NONE', 'WORKASPACE' ) );
#2916 = COLOUR_RGB ( '',1.000000000000000000, 0.8117647058823529400, 0.5019607843137254800 ) ;
#2917 = CARTESIAN_POINT ( 'NONE',  ( 0.3500000000000000300, 0.3999999999999999700, 0.5500000000000000400 ) ) ;
#2918 = ORIENTED_EDGE ( 'NONE', *, *, #2762, .T. ) ;
#2919 = CARTESIAN_POINT ( 'NONE',  ( -0.2499999999999999400, 0.1019999999999999900, 0.3300000000000000200 ) ) ;
#2920 = ADVANCED_FACE ( 'NONE', ( #339 ), #1248, .T. ) ;
#2921 = ORIENTED_EDGE ( 'NONE', *, *, #1795, .F. ) ;
#2922 = DIRECTION ( 'NONE',  ( 0.0000000000000000000, 1.000000000000000000, 0.0000000000000000000 ) ) ;
#2923 = LINE ( 'NONE', #3182, #946 ) ;
#2924 = EDGE_LOOP ( 'NONE', ( #2769, #1260, #1983, #389 ) ) ;
#2925 = SURFACE_STYLE_USAGE ( .BOTH. , #2913 ) ;
#2926 = EDGE_LOOP ( 'NONE', ( #1425, #1141, #877, #2020 ) ) ;
#2927 = SURFACE_STYLE_USAGE ( .BOTH. , #1200 ) ;
#2928 = EDGE_CURVE ( 'NONE', #61, #1966, #2844, .T. ) ;
#2929 = EDGE_CURVE ( 'NONE', #1961, #3187, #2210, .T. ) ;
#2930 = EDGE_LOOP ( 'NONE', ( #1078, #3015, #2347, #2783 ) ) ;
#2931 = CARTESIAN_POINT ( 'NONE',  ( -0.2499999999999999400, 0.05500000000000000700, 0.06999999999999996500 ) ) ;
#2932 = VECTOR ( 'NONE', #132, 1000.000000000000000 ) ;
#2933 =( LENGTH_UNIT ( ) NAMED_UNIT ( * ) SI_UNIT ( .MILLI., .METRE. ) );
#2934 = CARTESIAN_POINT ( 'NONE',  ( 0.3000000000000040400, 0.3028427124746300200, 0.09999999999999993600 ) ) ;
#2935 = CIRCLE ( 'NONE', #2226, 0.05000000000000002400 ) ;
#2936 = FACE_OUTER_BOUND ( 'NONE', #923, .T. ) ;
#2937 =( NAMED_UNIT ( * ) PLANE_ANGLE_UNIT ( ) SI_UNIT ( $, .RADIAN. ) );
#2938 = CARTESIAN_POINT ( 'NONE',  ( -0.3499999999999999200, 0.05500000000000000700, -0.07000000000000007600 ) ) ;
#2939 = ADVANCED_FACE ( 'NONE', ( #2771 ), #2268, .F. ) ;
#2940 = ORIENTED_EDGE ( 'NONE', *, *, #329, .F. ) ;
#2941 = VERTEX_POINT ( 'NONE', #1762 ) ;
#2942 = LINE ( 'NONE', #2074, #3150 ) ;
#2943 = CARTESIAN_POINT ( 'NONE',  ( 0.2500000000000000600, 0.1019999999999999900, 0.4700000000000000300 ) ) ;
#2944 = ORIENTED_EDGE ( 'NONE', *, *, #2325, .F. ) ;
#2945 = DIRECTION ( 'NONE',  ( 0.0000000000000000000, 0.0000000000000000000, 1.000000000000000000 ) ) ;
#2946 = FACE_OUTER_BOUND ( 'NONE', #2514, .T. ) ;
#2947 = DIRECTION ( 'NONE',  ( -0.0000000000000000000, -1.000000000000000000, -0.0000000000000000000 ) ) ;
#2948 = VECTOR ( 'NONE', #2797, 1000.000000000000000 ) ;
#2949 = FACE_OUTER_BOUND ( 'NONE', #1240, .T. ) ;
#2950 = EDGE_LOOP ( 'NONE', ( #762, #2337, #2089, #1104 ) ) ;
#2951 = AXIS2_PLACEMENT_3D ( 'NONE', #586, #692, #697 ) ;
#2952 = EDGE_CURVE ( 'NONE', #3058, #1311, #1534, .T. ) ;
#2953 = EDGE_CURVE ( 'NONE', #169, #848, #1610, .T. ) ;
#2954 = FACE_OUTER_BOUND ( 'NONE', #909, .T. ) ;
#2955 = ADVANCED_FACE ( 'NONE', ( #2695 ), #508, .F. ) ;
#2956 = VECTOR ( 'NONE', #3203, 1000.000000000000000 ) ;
#2957 = DIRECTION ( 'NONE',  ( -0.0000000000000000000, -0.0000000000000000000, -1.000000000000000000 ) ) ;
#2958 =( GEOMETRIC_REPRESENTATION_CONTEXT ( 3 ) GLOBAL_UNCERTAINTY_ASSIGNED_CONTEXT ( ( #2198 ) ) GLOBAL_UNIT_ASSIGNED_CONTEXT ( ( #3104, #1909, #397 ) ) REPRESENTATION_CONTEXT ( 'NONE', 'WORKASPACE' ) );
#2959 =( NAMED_UNIT ( * ) SI_UNIT ( $, .STERADIAN. ) SOLID_ANGLE_UNIT ( ) );
#2960 = CARTESIAN_POINT ( 'NONE',  ( -0.3499999999999999200, 0.05500000000000000700, 0.3300000000000000200 ) ) ;
#2961 = VECTOR ( 'NONE', #1048, 1000.000000000000000 ) ;
#2962 = ORIENTED_EDGE ( 'NONE', *, *, #2526, .T. ) ;
#2963 =( NAMED_UNIT ( * ) SI_UNIT ( $, .STERADIAN. ) SOLID_ANGLE_UNIT ( ) );
#2964 = ORIENTED_EDGE ( 'NONE', *, *, #2131, .F. ) ;
#2965 = ORIENTED_EDGE ( 'NONE', *, *, #28, .T. ) ;
#2966 = CARTESIAN_POINT ( 'NONE',  ( -0.1023212946968994200, 0.05500000000000000700, -0.3300000000000001300 ) ) ;
#2967 = ADVANCED_FACE ( 'NONE', ( #2043 ), #1271, .T. ) ;
#2968 = MECHANICAL_DESIGN_GEOMETRIC_PRESENTATION_REPRESENTATION (  '', ( #2646 ), #3114 ) ;
#2969 = EDGE_CURVE ( 'NONE', #1657, #3212, #1369, .T. ) ;
#2970 = CARTESIAN_POINT ( 'NONE',  ( -0.3000000000000093700, 0.3028427124746300200, -0.09999999999999988100 ) ) ;
#2971 = ORIENTED_EDGE ( 'NONE', *, *, #1082, .F. ) ;
#2972 = VECTOR ( 'NONE', #1182, 1000.000000000000000 ) ;
#2973 = VERTEX_POINT ( 'NONE', #521 ) ;
#2974 = CARTESIAN_POINT ( 'NONE',  ( 0.1023212946968995300, 0.1019999999999999900, -0.3300000000000001300 ) ) ;
#2975 = DIRECTION ( 'NONE',  ( 0.0000000000000000000, 0.0000000000000000000, -1.000000000000000000 ) ) ;
#2976 = VECTOR ( 'NONE', #2692, 1000.000000000000000 ) ;
#2977 = CARTESIAN_POINT ( 'NONE',  ( 0.2500000000000000600, 0.05500000000000000700, 0.4700000000000000300 ) ) ;
#2978 = ADVANCED_FACE ( 'NONE', ( #19 ), #1027, .F. ) ;
#2979 = LINE ( 'NONE', #1429, #2276 ) ;
#2980 = VECTOR ( 'NONE', #408, 1000.000000000000000 ) ;
#2981 = LINE ( 'NONE', #2791, #426 ) ;
#2982 = CARTESIAN_POINT ( 'NONE',  ( -0.3499999999999999200, 0.3999999999999999700, 0.5500000000000000400 ) ) ;
#2983 = ORIENTED_EDGE ( 'NONE', *, *, #2306, .T. ) ;
#2984 = CARTESIAN_POINT ( 'NONE',  ( -0.3499999999999999200, 0.1019999999999999900, -0.4700000000000001400 ) ) ;
#2985 = DIRECTION ( 'NONE',  ( 0.0000000000000000000, 1.000000000000000000, 0.0000000000000000000 ) ) ;
#2986 = ADVANCED_FACE ( 'NONE', ( #706 ), #11, .F. ) ;
#2987 = ORIENTED_EDGE ( 'NONE', *, *, #3209, .T. ) ;
#2988 = ORIENTED_EDGE ( 'NONE', *, *, #3157, .F. ) ;
#2989 = PLANE ( 'NONE',  #517 ) ;
#2990 = CARTESIAN_POINT ( 'NONE',  ( 0.2500000000000000600, 0.05500000000000000700, 0.3300000000000000200 ) ) ;
#2991 = LINE ( 'NONE', #1136, #2932 ) ;
#2992 = DIRECTION ( 'NONE',  ( 1.000000000000000000, 0.0000000000000000000, -0.0000000000000000000 ) ) ;
#2993 = CARTESIAN_POINT ( 'NONE',  ( 0.2500000000000000600, 0.1019999999999999900, 0.06999999999999996500 ) ) ;
#2994 = EDGE_CURVE ( 'NONE', #708, #2241, #103, .T. ) ;
#2995 = VERTEX_POINT ( 'NONE', #2289 ) ;
#2996 = EDGE_CURVE ( 'NONE', #2469, #721, #2120, .T. ) ;
#2997 = FACE_OUTER_BOUND ( 'NONE', #51, .T. ) ;
#2998 = ORIENTED_EDGE ( 'NONE', *, *, #1018, .F. ) ;
#2999 = ORIENTED_EDGE ( 'NONE', *, *, #272, .T. ) ;
#3000 = DIRECTION ( 'NONE',  ( 0.0000000000000000000, 0.0000000000000000000, 1.000000000000000000 ) ) ;
#3001 = AXIS2_PLACEMENT_3D ( 'NONE', #3035, #312, #2081 ) ;
#3002 = STYLED_ITEM ( 'NONE', ( #2660 ), #3105 ) ;
#3003 = ORIENTED_EDGE ( 'NONE', *, *, #10, .T. ) ;
#3004 = FACE_OUTER_BOUND ( 'NONE', #2045, .T. ) ;
#3005 = VECTOR ( 'NONE', #320, 1000.000000000000000 ) ;
#3006 = CARTESIAN_POINT ( 'NONE',  ( 0.3500000000000000300, 2.103840481040530000, 0.4700000000000000300 ) ) ;
#3007 = LINE ( 'NONE', #2319, #972 ) ;
#3008 = PLANE ( 'NONE',  #3120 ) ;
#3009 = MANIFOLD_SOLID_BREP ( 'Boss-Extrude3[1]', #1225 ) ;
#3010 = EDGE_CURVE ( 'NONE', #681, #2291, #388, .T. ) ;
#3011 = VECTOR ( 'NONE', #772, 1000.000000000000000 ) ;
#3012 = CARTESIAN_POINT ( 'NONE',  ( -0.3000000000000134800, 0.01999999999999999700, -0.4999999999999998900 ) ) ;
#3013 = CARTESIAN_POINT ( 'NONE',  ( 0.1000000000000040700, 0.3028427124746300200, 0.09999999999999993600 ) ) ;
#3014 = CARTESIAN_POINT ( 'NONE',  ( 0.2500000000000000600, 0.05500000000000000700, -0.07000000000000007600 ) ) ;
#3015 = ORIENTED_EDGE ( 'NONE', *, *, #2685, .T. ) ;
#3016 = DIRECTION ( 'NONE',  ( 0.0000000000000000000, 0.0000000000000000000, 1.000000000000000000 ) ) ;
#3017 = CARTESIAN_POINT ( 'NONE',  ( 0.3000000000000082000, 0.3028427124746300200, 0.5000000000000000000 ) ) ;
#3018 = ORIENTED_EDGE ( 'NONE', *, *, #2627, .T. ) ;
#3019 = VERTEX_POINT ( 'NONE', #1300 ) ;
#3020 = COLOUR_RGB ( '',1.000000000000000000, 1.000000000000000000, 1.000000000000000000 ) ;
#3021 = CARTESIAN_POINT ( 'NONE',  ( 0.2500000000000000600, 0.05500000000000000700, 0.4700000000000000300 ) ) ;
#3022 = CARTESIAN_POINT ( 'NONE',  ( -0.2499999999999999400, 0.05500000000000000700, 0.06999999999999996500 ) ) ;
#3023 = ORIENTED_EDGE ( 'NONE', *, *, #676, .F. ) ;
#3024 = DIRECTION ( 'NONE',  ( -0.0000000000000000000, 1.000000000000000000, 0.0000000000000000000 ) ) ;
#3025 = PLANE ( 'NONE',  #509 ) ;
#3026 = LINE ( 'NONE', #1733, #87 ) ;
#3027 = ORIENTED_EDGE ( 'NONE', *, *, #3210, .T. ) ;
#3028 = CARTESIAN_POINT ( 'NONE',  ( 0.1023212946968995300, 0.05500000000000000700, -0.4700000000000001400 ) ) ;
#3029 = FACE_OUTER_BOUND ( 'NONE', #3106, .T. ) ;
#3030 = CARTESIAN_POINT ( 'NONE',  ( -0.3000000000000092600, 0.3028427124746300200, 0.1000000000000000500 ) ) ;
#3031 = AXIS2_PLACEMENT_3D ( 'NONE', #2213, #2334, #2343 ) ;
#3032 = EDGE_CURVE ( 'NONE', #2265, #3085, #1734, .T. ) ;
#3033 = EDGE_CURVE ( 'NONE', #25, #3059, #1062, .T. ) ;
#3034 = ORIENTED_EDGE ( 'NONE', *, *, #1191, .F. ) ;
#3035 = CARTESIAN_POINT ( 'NONE',  ( 0.3000000000000082000, 0.3028427124746300200, 0.5000000000000000000 ) ) ;
#3036 = LINE ( 'NONE', #980, #1820 ) ;
#3037 = DIRECTION ( 'NONE',  ( 0.0000000000000000000, 1.000000000000000000, 0.0000000000000000000 ) ) ;
#3038 = CARTESIAN_POINT ( 'NONE',  ( 0.1023212946968995300, 0.1019999999999999900, 0.4700000000000000300 ) ) ;
#3039 =( LENGTH_UNIT ( ) NAMED_UNIT ( * ) SI_UNIT ( .MILLI., .METRE. ) );
#3040 = EDGE_LOOP ( 'NONE', ( #3018, #94, #2632, #194 ) ) ;
#3041 = LINE ( 'NONE', #2173, #2980 ) ;
#3042 = ORIENTED_EDGE ( 'NONE', *, *, #2201, .F. ) ;
#3043 = DIRECTION ( 'NONE',  ( -1.000000000000000000, -0.0000000000000000000, 0.0000000000000000000 ) ) ;
#3044 = LINE ( 'NONE', #712, #2423 ) ;
#3045 = CARTESIAN_POINT ( 'NONE',  ( -0.2299999999999999500, 0.3000000000000000400, -0.4800000000000000900 ) ) ;
#3046 = DIRECTION ( 'NONE',  ( 0.0000000000000000000, 0.0000000000000000000, -1.000000000000000000 ) ) ;
#3047 = AXIS2_PLACEMENT_3D ( 'NONE', #1840, #1067, #1557 ) ;
#3048 = EDGE_CURVE ( 'NONE', #1847, #3208, #2321, .T. ) ;
#3049 = EDGE_CURVE ( 'NONE', #2479, #1379, #985, .T. ) ;
#3050 = CARTESIAN_POINT ( 'NONE',  ( -0.3499999999999999200, 0.05499999999999992400, 0.5500000000000000400 ) ) ;
#3051 = ORIENTED_EDGE ( 'NONE', *, *, #2325, .T. ) ;
#3052 = PLANE ( 'NONE',  #1294 ) ;
#3053 = EDGE_LOOP ( 'NONE', ( #1275, #2983, #2431, #2333 ) ) ;
#3054 = AXIS2_PLACEMENT_3D ( 'NONE', #1314, #1109, #1178 ) ;
#3055 = CARTESIAN_POINT ( 'NONE',  ( -0.2299999999999999500, 0.3000000000000000400, -0.4800000000000000900 ) ) ;
#3056 = ORIENTED_EDGE ( 'NONE', *, *, #48, .F. ) ;
#3057 = ORIENTED_EDGE ( 'NONE', *, *, #1633, .F. ) ;
#3058 = VERTEX_POINT ( 'NONE', #2798 ) ;
#3059 = VERTEX_POINT ( 'NONE', #1803 ) ;
#3060 = DIRECTION ( 'NONE',  ( 1.000000000000000000, 0.0000000000000000000, -0.0000000000000000000 ) ) ;
#3061 = FACE_OUTER_BOUND ( 'NONE', #171, .T. ) ;
#3062 = CARTESIAN_POINT ( 'NONE',  ( 0.1023212946968995300, 0.05500000000000000700, -0.4700000000000001400 ) ) ;
#3063 = ORIENTED_EDGE ( 'NONE', *, *, #3048, .T. ) ;
#3064 = DIRECTION ( 'NONE',  ( -1.000000000000000000, 0.0000000000000000000, -0.0000000000000000000 ) ) ;
#3065 = FACE_OUTER_BOUND ( 'NONE', #1328, .T. ) ;
#3066 = ORIENTED_EDGE ( 'NONE', *, *, #725, .T. ) ;
#3067 = EDGE_CURVE ( 'NONE', #1236, #1040, #233, .T. ) ;
#3068 = EDGE_CURVE ( 'NONE', #720, #2033, #2882, .T. ) ;
#3069 = VERTEX_POINT ( 'NONE', #1562 ) ;
#3070 = ORIENTED_EDGE ( 'NONE', *, *, #2746, .F. ) ;
#3071 = DIRECTION ( 'NONE',  ( -0.0000000000000000000, -0.0000000000000000000, 1.000000000000000000 ) ) ;
#3072 = DIRECTION ( 'NONE',  ( 1.000000000000000000, 0.0000000000000000000, -5.421010862427521200E-016 ) ) ;
#3073 = AXIS2_PLACEMENT_3D ( 'NONE', #54, #205, #307 ) ;
#3074 = LINE ( 'NONE', #2623, #2453 ) ;
#3075 = FACE_OUTER_BOUND ( 'NONE', #1038, .T. ) ;
#3076 = PLANE ( 'NONE',  #454 ) ;
#3077 = ADVANCED_FACE ( 'NONE', ( #1568 ), #813, .T. ) ;
#3078 = CARTESIAN_POINT ( 'NONE',  ( 0.2500000000000000600, 0.05500000000000000700, -0.4700000000000001400 ) ) ;
#3079 = VECTOR ( 'NONE', #230, 1000.000000000000000 ) ;
#3080 = EDGE_LOOP ( 'NONE', ( #2465, #1221, #1203, #990 ) ) ;
#3081 = DIRECTION ( 'NONE',  ( 0.0000000000000000000, -1.000000000000000000, 0.0000000000000000000 ) ) ;
#3082 = VECTOR ( 'NONE', #2296, 1000.000000000000000 ) ;
#3083 = FACE_OUTER_BOUND ( 'NONE', #914, .T. ) ;
#3084 = PLANE ( 'NONE',  #1128 ) ;
#3085 = VERTEX_POINT ( 'NONE', #2327 ) ;
#3086 = VERTEX_POINT ( 'NONE', #1317 ) ;
#3087 = ORIENTED_EDGE ( 'NONE', *, *, #2762, .F. ) ;
#3088 = CARTESIAN_POINT ( 'NONE',  ( 0.1000000000000082200, 0.0000000000000000000, 0.0000000000000000000 ) ) ;
#3089 = EDGE_CURVE ( 'NONE', #1709, #982, #818, .T. ) ;
#3090 = EDGE_CURVE ( 'NONE', #2772, #2973, #2164, .T. ) ;
#3091 = CARTESIAN_POINT ( 'NONE',  ( 0.2500000000000000600, 0.1019999999999999900, -0.4700000000000001400 ) ) ;
#3092 = CARTESIAN_POINT ( 'NONE',  ( -0.2499999999999999400, 0.05500000000000000700, -0.4700000000000001400 ) ) ;
#3093 = VERTEX_POINT ( 'NONE', #1573 ) ;
#3094 = ORIENTED_EDGE ( 'NONE', *, *, #2724, .F. ) ;
#3095 = VECTOR ( 'NONE', #2430, 1000.000000000000000 ) ;
#3096 = ORIENTED_EDGE ( 'NONE', *, *, #2466, .T. ) ;
#3097 = AXIS2_PLACEMENT_3D ( 'NONE', #634, #2642, #1150 ) ;
#3098 = VERTEX_POINT ( 'NONE', #2336 ) ;
#3099 = DIRECTION ( 'NONE',  ( -1.000000000000000000, 0.0000000000000000000, 0.0000000000000000000 ) ) ;
#3100 = DIRECTION ( 'NONE',  ( -1.000000000000000000, 0.0000000000000000000, -0.0000000000000000000 ) ) ;
#3101 = FACE_OUTER_BOUND ( 'NONE', #104, .T. ) ;
#3102 = PLANE ( 'NONE',  #572 ) ;
#3103 = COLOUR_RGB ( '',0.7921568627450980000, 0.8196078431372548800, 0.9333333333333333500 ) ;
#3104 =( LENGTH_UNIT ( ) NAMED_UNIT ( * ) SI_UNIT ( .MILLI., .METRE. ) );
#3105 = MANIFOLD_SOLID_BREP ( 'Boss-Extrude2[3]', #342 ) ;
#3106 = EDGE_LOOP ( 'NONE', ( #212, #1574, #2297, #39 ) ) ;
#3107 = ORIENTED_EDGE ( 'NONE', *, *, #1444, .F. ) ;
#3108 = ORIENTED_EDGE ( 'NONE', *, *, #1124, .T. ) ;
#3109 = LINE ( 'NONE', #2761, #563 ) ;
#3110 = CARTESIAN_POINT ( 'NONE',  ( 0.3500000000000000300, 0.05499999999999992400, 0.5500000000000000400 ) ) ;
#3111 = ADVANCED_FACE ( 'NONE', ( #53 ), #2093, .F. ) ;
#3112 = ORIENTED_EDGE ( 'NONE', *, *, #1923, .T. ) ;
#3113 = DIRECTION ( 'NONE',  ( 0.0000000000000000000, 0.0000000000000000000, 1.000000000000000000 ) ) ;
#3114 =( GEOMETRIC_REPRESENTATION_CONTEXT ( 3 ) GLOBAL_UNCERTAINTY_ASSIGNED_CONTEXT ( ( #573 ) ) GLOBAL_UNIT_ASSIGNED_CONTEXT ( ( #1498, #475, #2963 ) ) REPRESENTATION_CONTEXT ( 'NONE', 'WORKASPACE' ) );
#3115 = CARTESIAN_POINT ( 'NONE',  ( 0.1023212946968995300, 0.1019999999999999900, -0.3300000000000001300 ) ) ;
#3116 = FACE_OUTER_BOUND ( 'NONE', #472, .T. ) ;
#3117 = EDGE_CURVE ( 'NONE', #2766, #2322, #2669, .T. ) ;
#3118 = EDGE_CURVE ( 'NONE', #560, #2116, #2012, .T. ) ;
#3119 =( NAMED_UNIT ( * ) PLANE_ANGLE_UNIT ( ) SI_UNIT ( $, .RADIAN. ) );
#3120 = AXIS2_PLACEMENT_3D ( 'NONE', #3017, #3046, #3100 ) ;
#3121 = AXIS2_PLACEMENT_3D ( 'NONE', #1661, #2655, #1165 ) ;
#3122 = CARTESIAN_POINT ( 'NONE',  ( -0.3499999999999999200, 2.103840481040530000, 0.5500000000000000400 ) ) ;
#3123 = LINE ( 'NONE', #968, #499 ) ;
#3124 = LINE ( 'NONE', #1167, #1011 ) ;
#3125 = ADVANCED_FACE ( 'NONE', ( #1936 ), #3052, .F. ) ;
#3126 = PLANE ( 'NONE',  #241 ) ;
#3127 = DIRECTION ( 'NONE',  ( -0.0000000000000000000, 0.0000000000000000000, -1.000000000000000000 ) ) ;
#3128 = PLANE ( 'NONE',  #574 ) ;
#3129 = EDGE_LOOP ( 'NONE', ( #1885, #107, #2231, #1804 ) ) ;
#3130 = DIRECTION ( 'NONE',  ( 0.0000000000000000000, -0.0000000000000000000, 1.000000000000000000 ) ) ;
#3131 = VECTOR ( 'NONE', #740, 1000.000000000000000 ) ;
#3132 = ORIENTED_EDGE ( 'NONE', *, *, #827, .T. ) ;
#3133 = PLANE ( 'NONE',  #1420 ) ;
#3134 = AXIS2_PLACEMENT_3D ( 'NONE', #2011, #2211, #2266 ) ;
#3135 = EDGE_LOOP ( 'NONE', ( #2084, #2166, #1814, #1773 ) ) ;
#3136 = CARTESIAN_POINT ( 'NONE',  ( 0.09999999999999988100, 0.0000000000000000000, 0.0000000000000000000 ) ) ;
#3137 = CARTESIAN_POINT ( 'NONE',  ( -0.1000000000000054600, 0.0000000000000000000, -0.09999999999999999200 ) ) ;
#3138 = ORIENTED_EDGE ( 'NONE', *, *, #1794, .T. ) ;
#3139 = DIRECTION ( 'NONE',  ( 0.0000000000000000000, 1.000000000000000000, 0.0000000000000000000 ) ) ;
#3140 = ADVANCED_FACE ( 'NONE', ( #673 ), #3141, .F. ) ;
#3141 = CYLINDRICAL_SURFACE ( 'NONE', #1638, 0.05000000000000002400 ) ;
#3142 = LINE ( 'NONE', #1362, #2215 ) ;
#3143 = CARTESIAN_POINT ( 'NONE',  ( -0.2499999999999999400, 0.1019999999999999900, -0.07000000000000007600 ) ) ;
#3144 = ORIENTED_EDGE ( 'NONE', *, *, #1289, .F. ) ;
#3145 = LINE ( 'NONE', #558, #1112 ) ;
#3146 = DIRECTION ( 'NONE',  ( 1.000000000000000000, -0.0000000000000000000, 0.0000000000000000000 ) ) ;
#3147 = ORIENTED_EDGE ( 'NONE', *, *, #3090, .F. ) ;
#3148 = ORIENTED_EDGE ( 'NONE', *, *, #1017, .F. ) ;
#3149 = CARTESIAN_POINT ( 'NONE',  ( 0.1000000000000040400, 0.01999999999999999700, -0.09999999999999999200 ) ) ;
#3150 = VECTOR ( 'NONE', #3024, 1000.000000000000000 ) ;
#3151 = DIRECTION ( 'NONE',  ( -1.000000000000000000, 0.0000000000000000000, -0.0000000000000000000 ) ) ;
#3152 =( NAMED_UNIT ( * ) PLANE_ANGLE_UNIT ( ) SI_UNIT ( $, .RADIAN. ) );
#3153 = VECTOR ( 'NONE', #2865, 1000.000000000000000 ) ;
#3154 = AXIS2_PLACEMENT_3D ( 'NONE', #666, #2424, #932 ) ;
#3155 = VECTOR ( 'NONE', #2641, 1000.000000000000000 ) ;
#3156 = EDGE_CURVE ( 'NONE', #1657, #2541, #2591, .T. ) ;
#3157 = EDGE_CURVE ( 'NONE', #1251, #781, #589, .T. ) ;
#3158 = CARTESIAN_POINT ( 'NONE',  ( 0.3000000000000082000, 0.01999999999999999700, 0.3000000000000000400 ) ) ;
#3159 = ADVANCED_FACE ( 'NONE', ( #520 ), #81, .F. ) ;
#3160 = VECTOR ( 'NONE', #135, 1000.000000000000000 ) ;
#3161 = CARTESIAN_POINT ( 'NONE',  ( -0.2499999999999999400, 0.1019999999999999900, -0.4700000000000001400 ) ) ;
#3162 = CARTESIAN_POINT ( 'NONE',  ( -0.3499999999999999200, 0.1019999999999999900, 0.3300000000000000200 ) ) ;
#3163 = AXIS2_PLACEMENT_3D ( 'NONE', #2550, #2564, #1071 ) ;
#3164 = VECTOR ( 'NONE', #1302, 1000.000000000000000 ) ;
#3165 = CARTESIAN_POINT ( 'NONE',  ( -0.2499999999999999400, 0.05500000000000000700, -0.3300000000000001300 ) ) ;
#3166 = LINE ( 'NONE', #603, #14 ) ;
#3167 = ORIENTED_EDGE ( 'NONE', *, *, #1350, .F. ) ;
#3168 = CARTESIAN_POINT ( 'NONE',  ( -0.3000000000000051500, 0.01999999999999999700, 0.3000000000000001600 ) ) ;
#3169 = ORIENTED_EDGE ( 'NONE', *, *, #567, .T. ) ;
#3170 = VECTOR ( 'NONE', #1287, 1000.000000000000000 ) ;
#3171 = VERTEX_POINT ( 'NONE', #1113 ) ;
#3172 = CARTESIAN_POINT ( 'NONE',  ( 0.3500000000000000300, 0.1019999999999999900, 0.3300000000000000200 ) ) ;
#3173 = DIRECTION ( 'NONE',  ( -1.000000000000000000, 0.0000000000000000000, -0.0000000000000000000 ) ) ;
#3174 = ADVANCED_FACE ( 'NONE', ( #1269 ), #2112, .F. ) ;
#3175 = EDGE_CURVE ( 'NONE', #190, #1181, #2438, .T. ) ;
#3176 = FACE_OUTER_BOUND ( 'NONE', #2737, .T. ) ;
#3177 = ORIENTED_EDGE ( 'NONE', *, *, #2404, .T. ) ;
#3178 = ORIENTED_EDGE ( 'NONE', *, *, #1214, .F. ) ;
#3179 = AXIS2_PLACEMENT_3D ( 'NONE', #1428, #545, #1450 ) ;
#3180 = DIRECTION ( 'NONE',  ( 0.0000000000000000000, 1.000000000000000000, 0.0000000000000000000 ) ) ;
#3181 = VECTOR ( 'NONE', #1984, 1000.000000000000000 ) ;
#3182 = CARTESIAN_POINT ( 'NONE',  ( -0.1023212946968994200, 0.05500000000000000700, 0.06999999999999996500 ) ) ;
#3183 = ORIENTED_EDGE ( 'NONE', *, *, #2566, .F. ) ;
#3184 = VERTEX_POINT ( 'NONE', #857 ) ;
#3185 = FACE_OUTER_BOUND ( 'NONE', #1894, .T. ) ;
#3186 = VECTOR ( 'NONE', #1106, 1000.000000000000000 ) ;
#3187 = VERTEX_POINT ( 'NONE', #1618 ) ;
#3188 = ADVANCED_FACE ( 'NONE', ( #3061 ), #95, .F. ) ;
#3189 = LINE ( 'NONE', #148, #1910 ) ;
#3190 = DIRECTION ( 'NONE',  ( 0.0000000000000000000, 0.0000000000000000000, 1.000000000000000000 ) ) ;
#3191 = VECTOR ( 'NONE', #1410, 1000.000000000000000 ) ;
#3192 = EDGE_CURVE ( 'NONE', #112, #1478, #437, .T. ) ;
#3193 = EDGE_CURVE ( 'NONE', #1040, #1466, #1781, .T. ) ;
#3194 = VECTOR ( 'NONE', #3146, 1000.000000000000000 ) ;
#3195 = FILL_AREA_STYLE_COLOUR ( '', #1499 ) ;
#3196 = DIRECTION ( 'NONE',  ( 0.0000000000000000000, 0.0000000000000000000, -1.000000000000000000 ) ) ;
#3197 = CARTESIAN_POINT ( 'NONE',  ( 0.1000000000000004200, 0.01999999999999999700, -0.5000000000000000000 ) ) ;
#3198 = UNCERTAINTY_MEASURE_WITH_UNIT (LENGTH_MEASURE( 1.000000000000000100E-005 ), #1393, 'distance_accuracy_value', 'NONE');
#3199 = CARTESIAN_POINT ( 'NONE',  ( -0.2499999999999999400, 0.1019999999999999900, -0.07000000000000007600 ) ) ;
#3200 = ADVANCED_FACE ( 'NONE', ( #1029 ), #1880, .F. ) ;
#3201 = VERTEX_POINT ( 'NONE', #2855 ) ;
#3202 = ORIENTED_EDGE ( 'NONE', *, *, #176, .T. ) ;
#3203 = DIRECTION ( 'NONE',  ( 1.000000000000000000, 0.0000000000000000000, -0.0000000000000000000 ) ) ;
#3204 = VECTOR ( 'NONE', #1491, 1000.000000000000000 ) ;
#3205 = VERTEX_POINT ( 'NONE', #2866 ) ;
#3206 = ORIENTED_EDGE ( 'NONE', *, *, #3192, .F. ) ;
#3207 = CARTESIAN_POINT ( 'NONE',  ( -0.3499999999999999200, 0.0000000000000000000, 0.0000000000000000000 ) ) ;
#3208 = VERTEX_POINT ( 'NONE', #618 ) ;
#3209 = EDGE_CURVE ( 'NONE', #782, #1657, #2991, .T. ) ;
#3210 = EDGE_CURVE ( 'NONE', #837, #1236, #1704, .T. ) ;
#3211 = VECTOR ( 'NONE', #1598, 1000.000000000000000 ) ;
#3212 = VERTEX_POINT ( 'NONE', #3092 ) ;
#3213 = VECTOR ( 'NONE', #1688, 1000.000000000000000 ) ;
#3214 = ADVANCED_FACE ( 'NONE', ( #1108 ), #382, .T. ) ;
#3215 = ORIENTED_EDGE ( 'NONE', *, *, #1191, .T. ) ;
#3216 = VECTOR ( 'NONE', #1347, 1000.000000000000000 ) ;
#3217 = ORIENTED_EDGE ( 'NONE', *, *, #2892, .T. ) ;
ENDSEC;
END-ISO-10303-21;
